,detail
0,اول عباسی، به طرف منصور
1,چایکنار، بعد از کارواش شهرداری، نرسیده به بلوار آذربایجان
2,پل سنگی، چایکنار
3,ولیعصر، فلکه بزرگ
4,ولیعصر، خیابان شریعتی، نرسیده به میدان بهارستان، طبقه فوقانى قنادى کریمی
5,ولیعصر، نگین پارک
6,بلوار 29 بهمن، اول جاده شاهگلی، روبه‌روی راهنمایی
7,خیابان شریعتی جنوبی،نبش کوچه آرام اول
8,رشدیه، ابتدای جاده سلامت
9,خيابان شريعتي(شهناز)، خيابان والمان
10,اول جاده ایل گلی، الهی پرست، نپش ۲۴ متری
11,شریعتی جنوبی، کوچه‌های سنگی
12,اتوبان پاسداران،50متر بالاتر از لاله پارک
13,رشديه ، الهيه،كوى سبلان
14,خیابان ولیعصر ، فلکه بزرگ ، مرکز خرید میلاد نور
15,پارک ائل گلی، عمارت شاه گلی
16,خیابان ولیعصر ، پارک ولیعصر ، مجتمع تفریحی
17,وليعصر ، فروغي ، خيابان شيخ محمد خياباني ، كافه ١٣
18,ميدان فهميده، مجتمع لاله پارك، طبقه1
19,انتهای کوی قائم، نرسیده به تقاطع پليس
20,مرکز تجاری روشا، طبقه 5
21,خیابان خرمشهر، پشت باسکول، جنب بانک پارسیان
22,میدان هنرستان، خیابان سوله، کوچه ابوذر غفاری، پلاک 1/2
23,زنجان خیابان سعدی شمالی ابتدای خیابان بهار روبروی سیماران پلاک ١٤١
24,خیابان دانشکده، مرکز خرید دانشکده، طبقه دوم
25,خیابان شیخ شلتوت، نرسیده به میدان تره بار، روبروی بانک سپه
26,خیابانِ‌فرهنگ، روبروی‌ادارهٔ‌آموزش‌وپرورش
27,شهرک مدنی،فازدو،سه راه آپارتمان ها،جنب باشگاه سلطان
28,جلفا، روبروی کلیسای وانک
29,جلفا،روبروی کلیسا وانک
30,ميدان انقلاب،ابتداي چهارباغ عباسي،كوچه طاووس خانه،جنب مادي نياصرم
31,میدان فیض، خیابان میر، روبرو سازمان هلال احمر
32,بلوار سعدی، جنب فروشگاه هاکوپیان
33,خیابان سپه، کوچه کازرونی
34,خیابان آمادانا اول روبه روی معاونت درمان
35,مبارکه، خیابان منتظری، پاساژ طلا، زیرزمین
36,خيابان بوستان سعدی، حدفاصل پل فلزی و پل مارنان، جنب پوشاك زاور، طبقه زيرين گل آريسا
37,خیابان شریعتی غربی ، چهارراه محتشم کاشانی ، جنب آموزشگاه حافظ
38,نظر میانی، کوچه کلیسا وانک
39,پارک جنگلی ناژوان،ایستگاه ۲ تله سیژ
40,انتهای خیابان حافظ ، کوچه شماره ۳
41,چهارباغ بالا روبرو زمزم مجتمع پارسیان انتهای ایوان
42,خ سپه شرقی مقابل اداره دارایی مرکزی تیمچه مثقالی
43,خاقانی ، کوچه هوانس شیراز
44,خیابان کمال اسماعیل، طبقه زیرین پل جوئی
45,خیابان حکیم نظامی.جنب خیابان مهرداد
46,خيابان حكيم نظامي،كوچه سنگتراشها،بعد ازآبنما،نبش کوچه ۱۷
47,میدان نقش جهان ، بازارچه چهار سوق مقصود
48,میدان نقش جهان ،جنب مسجد شیخ لطف الله ، سرای اسپادانا پلاک 37
49,چهار راه فلسطين،ابتداى خيابان استاندارى،سمت چپ،نهر فرشادى غربى پلاک2
50,خیابان چهارباغ عباسی ، رو به روی شیخ بهایی ، مجتمع هشت بهشت ، ورودی سرای هشت بهشت ، طبقه اول
51,میدان انقلاب ، خیابان چهار باغ عباسی ، خیابان مادی نیاصرم (حدفاصل چهار باغ و خیابان پاسداران)
52,خیابان نظر میانی، میدان جلفا ، پلاک هفت، کافه وان.
53,جلفا خیابان حکیم نظامی کوی کلیسای وانک روبروی هتل جلفا
54,خيابان مير،ابتداي خيابان مصلي نبش بن بست آذر
55,میدان نقش جهان ، بازار قیصریه ، پلاک 9
56,خیابان میر ، روبروی بیمارستان سپاهان
57,اصفهان ، سیتی سنتر ، طبقه اول ، واحد cs 110
58,چهارباغ بالا، نبش کوچه رییسی، پلاک 39
59,سیتی سنتر ، طبقه اول ، ورودی 8
60,پاساژ کوروش
61,هتل کیش
62,میدان پردیس، طبقه زیر هتل پارمیس
63,میدان هور
64,انتهای بلوار هنر ، میدان میکا ، روبروی برج مسک.نی میکا
65,جنب کیبل اسکی
66,جاده جهان ، نرسیده به میدان غروب
67,بلوار مروارید ، روبروی مرکز خرید مروارید،  ایوان مروارید ، پلاک 336
68,خیابان فردوسی ، مرکز خرید کیش
69,خیابان فردوسی ، خیابان اعتصامی ، روبروی هتل آبادگران
70,بلوار جمهوری ، خیابان هوشنگ مرادی کوچه شماره ۹
71,خیابان بهمنیار ۲۴، انتهای محوطه پارکینگ
72,خیابان فیروزه ابتدای خیابان پروین اعتصامی غربی
73,خیابان بهمنیار ، بهمنیار 24
74,بلوار جمهوری،  خیابان والفجر جنوبی ، نرسیده به بلوار شهید صدوقی
75,بلوار شیراز،خیابان شهیدان قطبی نژاد (کوچه درختی)،نبش 11
76,خیابان هزار و یک شب کوچه 5 ابتدای کوچه سمت راست
77,بلوار حمزه، بین کوچه 24 و 26
78,خیابان زریسف ،خیابان برزو آمیغی ،درب سوم ،سمت راست
79,جهانشهر، کنار گذر پل روحانی، نرسیده به میدان جمهوری، نبش کوچه میثم
80,عظیمیه، بلوار شریعتی، طبقه چهارم
81,مهرشهر، بلوار شهرداری، خیابان صد و نه، پلاک422/2
82,جهانشهر، بلوار ماهان شرقی، خیابان استانداری شمالی
83,گوهردشت،بلوار آزادی،بین فلکه اول وسه باندی
84,گوهردشت، خیابان  اصلي گوهردشت، خیابان داریوش
85,گوهر دشت، بلوار رستاخیز، نبش خیابان 12
86,گوهردشت،خیابان سیزدهم غربي(فاز٢)، نرسیده به رستاخیز
87,خیابان گوهردشت، بلوار رستاخیز، نبش خیابان دهم شرقی
88,عظیمیه ، میدان ‌طالقانی ، به‌سمت بام نبش گلستان‌۲۰
89,بام،عظيميه، بلوارطالقانی شمالی، نبش گلستان۲۰
90,مهرشهر، بلوار شهرداری، چهارراه مسیح پاکدل، جنب مرکز خرید پاتریس
91,مهرشهر، بلوار شهرداری، نبش شهرداری 205
92,عظیمیه ، بلوار شریعتی ،خیابان نیک نژاد شمالی
93,میدان اسبی، بلوار استقلال شمالی، نبش کوچه میر زنده دل
94,مهرشهر، بلوار شهرداری، نبش خیابان 205
95,جهانشهر، نبش میدان مدنی، نبش خیابان مهران
96,عظیمیه، بالاتر از میدان استقلال( میدان اسبی)
97,جهانشهر،میدان هلال احمر،خیابان هلال احمر،نبش کوچه سنبل
98,جهانشهر، استانداری شمالی
99,بلوار شورا جنوبی، کافه رستوران کهن دیاران
100,خیابان هلال احمر، نبش فتوح
101,عظیمیه، بلوار طالقانی شمالی، بعد از پل آزادگان، نبش خیابان حسینی، برج میلاد، طبقه 2
102,مهرشهر، چهارباندی، فاز 3، نبش خیابان 307، پلاک 298
103,مهرشهر، بلوار شهرداری، خیابان 341
104,کرج ، خیابان درختی ، میدان عطار
105,مهرویلا، ابتدای خیابان درختی، جنب بانک ملت
106,مهرشهر، بلوار شهرداری، انتهای خیابان 109
107,گوهردشت خيابان هشتم غربي (فاز دوم ) كاشي 18
108,۴۵متری گلشهر،نبش کوکب غربی
109,عظیمیه، میدان طالقانی به سمت بام، نبش ندا شمالى
110,كرج_مهرشهر بلوار ‎شهرداري(چهارباندي) بين خيابان 213-215
111,کرج، عظیمیه، میدان بهارستان
112,‎كرج ميدان جمهوري بلوار ماهان غربي بعد از تالار لوتوس خيابان ارغوان كوچه بهار شرقي
113,کرج،فلکه اول گوهردشت،خیابان دوم شرقی
114,مهرشهر،خ شهرداری،خ صد ،بین خ 116و117
115,مهرشهر ،مسیح پاکدل شرقی
116,فلکه اول گوهردشت،خیابان آرش،بعد از درب ورودی پارکینگ نیکامال
117,گوهردشت،چهارراه ملك شاه،روبروي پاساژ ملاصدر، نبش پنجم شرقي
118,جهانشهر، میدان مدنی، ابتدای خیابان هلال احمر
119,ابتدای جاده مشکین دشت، رزکان نو، مجتمع اکومال
120,۴۵ متری گلشهر،ابتدای بلوار محمدی
121,رجایی شهر روبروی دانشگاه آزاد
122,کرج- جهانشهر-بلوار مولانا
123,جهانشهر بلوار مولانا بعد از کسری شمالی
124,"بلوار موذن,خیابان پیروزی جنوبی, نبش نوزدهم"
125,میدان والفجر،ابتدای بلوار سرداران
126,بلوار ارم ، سه راه شهرداری ،فودکورت مجتمع پاسارگاد
127,بلوار رستاخیز، نبش هفتم غربی، جنب فست فود بکسمات
128,مهرشهر،بلوار شهرداری،نبش خیابان109
129,كرج ، عظيميه ، ميدان بهارستان
130,جهــانشهــر، خيابان استاندارى، روبروي كوچه زُهـــــره
131,عظیمیه ، بلوار استقلال ، ضلع شمالی میدان اسبی
132,گوهر دشت،خیابان 13غربی ،فاز 2،پلاک 68
133,عظیمیه، ضلع جنوب شرقی میدان گلستان
134,گوهردشت خیابان هشتم شرقی.پلاک ٧٦
135,عظیمیه،میدان اسبی،ضلع شمالی پارک ایران زمین
136,کرج،عظیمیه،بالاتراز میدان استقلال،نبش کوچه الهام
137,گوهردشت،خیابان دوازدهم شرقی طبقه زیرین پاساژ سرخه
138,انتهای بلوار دانشگاه، خیابان پروفسور خشنودی، جنب زمین چمن
139,رسالت شمالی چهارراه پردیس ساختمان ثبت شرکت(ریاضیات خیام)
140,داماهی ، بین گوهران ۱۳ و ۱۵ بعد از قارچ کوچولو
141,بلوار ساحلی ،  نبش کوچه ساحل ۱۰، جنب مبل کوروش
142,خیابان اتوبوسرانی ، فروزان 27
143,خواجه عطا بلوار وحدت جنوبی به سمت دریا  ، بعد از بازار ماهی فروشی،  روبروی کارواش پویا
144,خيابان اتوبوسرانى جنوبى ، انتهاى كوچه جنت
145,خیابان رسالت جنوبی بلوار12فروردین ،به طرف ۹ دی
146,سیم بالا ، روبروی فرمانداری
147,خیابان بهار بعد از پارک فاطمی
148,مشهد، بلوار وکیل آباد، بین امامت 6 و 8
149,بلوار وکیل آباد ، بلوار امامت ، بین امامت ۶ و ۸
150,بزرگراه کلانتری بعد از میدان استقلال هتل پردیسان
151,سه راه فلسطین.دستغیب 10
152,"كوثر شمالي ١ ، لاله ١ پلاك ١
( وكيل اباد ١٠ ، لاله ، پلاك ١"
153,نبش کوهسنگی ۲۵
154,وكيل اباد 15 ، نبش شهيد قاسمي 1
155,احمد آباد ، بلوار ملاصدرا ، ملاصدرا 4
156,بلوار سجاد ، خیابان بهار 2 ، پلاک 8
157,بلوار خیام ، خیام 10 ، خیابان زنبق
158,بزرگراه کلانتری ، مجموعه توریستی آبادگران ، ایران برج 1 ، B1
159,بلوار پیروزی ، بین پیروزی 79 و 81 ، شماره 79
160,هاشمیه 91/5 ، خیابان سوم سمت چپ ، قطعه آخر
161,خیابان سلمان فارسی ، نرسیده به خیابان فلسطین ، نبش صفا
162,بلوار سجاد ، خیابان حامد جنوبی 9 ،  پلاک 81
163,خیابان کریمخان زند ،خیابان انوری
164,بلوار ستارخان، روبه رو خردمند
165,معالی اباد، مجتمع اوتانا یک، باشگاه الماس
166,بلوار آزادی، چهارراه باغ تخت
167,پل زرگری به سمت فلکه دانشجو، روبروی ابیوردی ۳،جنب اتوکوروش
168,خیابان قصرالدشت، حدفاصل ولیعصر و عفیف آباد ، کوچه ۵۹ ، روبروی ۵۹/۴
169,حدفاصل پارامونت و باسکول نادر، ذوالنوار شرقی، روبروی کوچه ۲، ورودی پارکینگ زیتون
170,شیراز، خیابان جهادسازندگی، حدفاصل چهارراه چنچنه و فلکه گاز، نبش کوچه ۳
171,بلوار چمران، بلوار نیایش
172,قدوسى غربى،خيابان محلاتى،نبش كوچه ٤
173,بلوار صنایع روبروی ورودی گلدشت حافظ
174,بلوار جدید قرآن،نبش کوچه 17
175,پشت ارگ کریمخان
176,بازار وکیل ،  مجموعه زندیه ، بین حمام و مسجد وکیل
177,خيابان ٢٢ بهمن(شاهپور سابق)،روبروي كوچه ٥
178,معالی آباد ، نبش خیابان بهاران  ، مجتمع آرین
179,معالی آباد، پزشکان، مجتمع الماس شهر
180,خیابان فردوسی ، روبروی هتل آرين ،  كاشی 194
181,قصرالدشت، حدفاصل سه راه برق و ملاصدرا، كوچه ٢٥ قصرالدشت
182,ميدان احسان ، بولوار پرستار،  ساختمان هاي مسكوني دراك ، بلوك اركيد
183,خیابان هدایت غربی کوچه 8
184,پل معالی آباد بطرف دینکان،بلواربهشت،روبروی مجتمع ارکیده
185,خيابان دانشگاه ، پلاک 62
186,عفیف آباد،مجتمع تجاری حافظ طبقه اول
187,خيابان فردوسي ،نبش خيابان رودكي،كافه نقاشي
188,کوچه ۳۶ قصردشت ، روبروی عفیف آباد نبش ۳۶/۳ ، پلاک ۱۹۳
189,بولوار نيايش ، مجتمع هومهر
190,حافظیه ،روبروی باغ جهان نما
191,شهرک گلستان ، غدیرشمالی ، نبش گل رز‏
192,خیابان جهاد سازندگی بالاتر از چهار راه چنچنه
193,بيست متری سينما سعدی ، هدايت غربی، نبش كوچه 4
194,معالی اباد ، پزشکان هتل الیزه
195,نبش میدان صفاییه
196,سالاریه،میدان میثم،خیابان یاسمن،پلاک ۳۱۴
197,کیلومتر 5 اتوبان قم-تهران، گردش سرای مهر و ماه
198,ابتداي ٤٥ متري صدوق ميدان مفتح
199,خيابان صدوق ،  بلوار بوعلي ، ميدان شهيد دستغيب
200,سالاريه ، خيابان ژاله ، پلاک ژاله
201,٤٥ متري صدوق ، ٢٠ متري كوكب
202,45 متری صدوق، ابتدای خیابان حافظ، میدان میرقیصری
203,زیتون، کارمندی، خ زیتون، نبش فاضل
204,فلکه ملی،راه جنب مجتمع فرهنگی مخابرات
205,کیانپارس،خیابان ۹ غربی،فاز۳،پلاک ۱۵۱
206,گلستان، خ فروردین، بین بیمارستان و پارک قوری، مجتمع تفریحی ساحل
207,فرهنگ شهر ، رو به روی دانشگاه ازاد
208,ساحلي كيانپارس
209,خیابان زند، نبش کوچه قدس
210,كيان اباد، بين ٦ و ٧ شرقي
211,ساحلى شرقى عامرى ،روبروى خرم كوشك
212,کیانپارس ،خیابان سیزدهم شرقی
213,كيانپارس بين خيابان ١٩و٢٠غربى
214,خیابان اصلی کیان آباد، نبش خیابان 5 غربی
215,کیانپارس،  انتهای خیابان 6 شرقی
216,کیانپارس ، خیابان ایدون ، بین خیابان ۱۸ و ۱۹
217,کیانپارس،طبقه ی فوقانی سینما هلال
218,کیانپارس ، 17 شرقی ، بعد از ورودی بیمارستان آریا ، جنب سوپر مارکت ایران
219,کیانپارس ، خیابان ۷ شرقی، پلاک ۳۸
220,خیابان کیانپارس، خیابان موحدین شرقی، برج کوثر
221,کیانپارس ، نبش خیابان 11 شرقی ،  طبقه فوقانی رستوران سنتی هزار دستان
222,اهواز، ملی راه ، خیابان مهران پلاک 64
223,میدان راه اهن،ابتدای شریعتی
224,سه راه ارامنه انتهای خیابان نیسانیان
225,شهر صنعتی میدان پامچال
226,خیابان دانشگاه ، روبروی دانشگاه سما
227,ابتداي خيابان ملک ، سينما عصر جديد
228,خیابان عباس آباد، خیابان میثم (هلال احمر) ساختمان ۹۶
229,بلوار آیت اله خامنه ای ، روبروی هتل مرمر ، مجتمع نیایش ، جنب درب ورودی مجمتع
230,بلوار اسد آبادی، مجتمع تجاری دیاکو
231,میدان جانبازان ب سمت نوروزیان انتهای خروجی پل مطهری ب نوروزیان
232,خیابان فردوسی ، بالاتر از میدان عدل، جنب کوچه شهاب
233,پونک انتهای بلوار نخبگان نرسیده به مصیب مرادی جنب فهیم هشتم
234,سعدالسلطنه ، سراي قيصريه ، حجره ٤٦
235,فردوسی شمالی ، مرکز خرید نارون ، واحد  44
236,خیابان امام ، کاروانسرای سعدالسلطنه ، بازار وزیر ، حجره ی سی و چهار
237,خیابان ولیعصر،ضلع جنوب شرقی میدان ولیعصر جنب ورودی B پاساژ تجارت ایرانیان
238,خیابان انقلاب،بین خیابان وصال و قدس،جنب سینما سپیده،کوچه اسکو شماره ۸
239,شهران بین فلکه اول و دوم، رو به روی بانک سپه، رستوران شهران
240,خیابان نوفل لوشاتو، کوچه هانری کوبن، نبش صائب پلاک ۵
241,میدان فاطمی خیابان شهید گمنام ابتدای جهانمهر پلاک ۲۱
242,بهار شمالي، خيابان وركش، نرسيده به كوچه سياسي، لتوكافه
243,خیابان شهید مطهری، نرسیده به خیابان سهروردی، بین اورامان و سنندج، ساختمان120 طبقه منفی یک، کافه سی نود
244,میدان فردوسی به طرف شرق خیابان امیرسلیمانی خیابان مهنا پلاک2، کافه شانیا
245,یوسف آباد ، خیابان اسدآبادی، خیابان هجدهم، پلاک33
246,زعفرانیه، آصف، انتهای کوچه حامد، نبش باغستان ششم
247,مطهری- خیابان قائم مقام فراهانی- ابتدای خیابان مشاهیر- پلاک 14
248,ولنجک ،بلوار دانشجو،خیابان گلریزان، بالاتر از میدان گلریزان
249,میدان ولیعصر، ضلع شمال شرقی میدان، جنب بانک سپه
250,یوسف آباد، خیابان اسد آبادی بین 19 و 21
251,کریم خان زند، خیابان آبان جنوبی، پلاک 38، طبقه همکف
252,فرشته، خیابان مریم شرقی، خیابان امین، مجتمع smp
253,خیابان شریعتی، دوراهی قلهک، خیابان بصیری، پلاک 19
254,سهروردی شمالی، پایین‌تر از بهشتی، خیابان میرزای زینالی، پلاک ۴۲
255,کریمخان- خیابان سنایی- خیابان 18- پلاک28
256,خیابان ظفر شرقی، خیابان فرید افشار، بلوار آرش شرقی، پلاک ۴۴
257,میدان انقلاب، ابتدای کارگرشمالی، کوچه مجد، پلاک 12
258,کریمخان،ابتدای خیابان ماهشهر،پلاک ۱۱۸
259,فرمانیه، خیابان لواسانی، مابین آقایی و وطن پور، پلاک 152
260,خيابان مطهري،خيابان لارستان،نبش كوچه پور فلاح
261,شهرک غرب، بلوار دریا، خیابان گلها، نبش توحید 3،پلاک 10
262,نیاوران بین پمپ بنزین و جماران نبش کوچه ستایش
263,خیابان پاسداران ، بین گلستان 8و9
264,شهرك غرب،خيابان ايران زمين شمالى،رو به روى بيمارستان بهمن،جنب فرهنگسراى ابن سينا
265,جردن، ناهید غربی، پلاک 14/1
266,خیابان فداییان اسلام صدمتر مانده به میدان اصلی شهرری
267,خیابان یوسف آباد ، بین خیابان 62 و 64
268,گیشا، انتهای علیایی غربی، دست راست جوادی،پلاک 55
269,انتهاى همت غرب ابتداى اتوبان خرازى خروجى درياچه ميدان موج خيابان موج،بلوار صدف،مجموعه تجارى بام لند
270,تجریش ، بلوار شهرداری،کوچه زعیم ، بازار قائم ، طبقه پنجم ، پلاک 2176
271,خيابان يوسف اباد نبش كوچه ١٢ پلاك ١٢٢ ، طبقه ٥
272,يوسف اباد خيابان ٦٤ بعد از پل كردستان مجتمع asp واحد تجاري ١٠
273,تهرانپارس،خیابان ۱۸۲شرقی،نرسیده به ۱۳۱
274,نياوران،بعد از سه راه ياسر به سمت تجريش، پلاك250
275,باغ کتاب تهران، طبقه دوم
276,خیابان پاسداران، بین نگارستان نهم و دهم
277,خیابان سهروردی شمالی، بالاتر از خیابان آپادانا، نبش خیابان توپچی، شماره 655
278,خیابان سهروردی شمالی، خیابان خرمشهر(آپادانا)، پلاک 172
279,اختیاریه جنوبی،روبه روی بوستان 22 بهمن
280,فلسطین شمالی،نرسیده به بلوار کشاورز،پلاک431
281,انقلاب،فخررازی،پلاک۳۷
282,شیخ فضل الله جنوب،خیابان سازمان آب،بعد از چهارراه اول، روبروی پارک شاهین
283,میدان نیاوران(باهنر) ، ضلع شمالی
284,گاندی جنوبی، مرکز‌ خرید گاندی ، پلاک‌۱۶
285,جردن،کوچه یزدان پناه،نبش دبیر
286,"‏‎ميدان ونک، ابتدای خیابان ونک, پلاک 3"
287,فرشته، مريم غربي،كوئين سنتر
288,خیابان کریمخان،به سمت میدان ولیعصر،بن بست شاهد
289,بلوار سعادت آباد،نبش کوچه حق طلب،ساختمان تهران پاریس
290,‏‎جنت آباد مركزي،روبروي برج طوبي
291,"پاسداران، خیابان ناطق نوری، میدان‌قبا، ضلع
شمالی ساختمان فرهنگسرا، جنب‌پارک زمرد"
292,کنارگذر کریمخان(به سمت هفت‌تیر)٫ بین قرنی و ایرانشهر٫ پلاک۱۹۰
293,برج آ اس پ،راهروی طبقه همکف،پلاک66
294,خيابان حافظ،نرسيده به بازار موبايل ايران،پلاك ١٧٠و١٧٢
295,سعادت آباد،علامه جنوبی،٣٨غربي نبی اکرم،نبش۴۰ غربی،پلاك۱
296,شهرک غرب،بام پاساژ میلادنور،طبقه6،پلاک29
297,خیابان اشرفی‌اصفهانی، خیابان پیامبر‌شرقی، پلاک ۴۷
298,بزرگراه شهید چمران،تقاطع یادگار امام،هتل پارسیلن اوین
299,چهارراه سرسبز ، خیابان آیت شمالی ، پلاک 856
300,شهرک غرب،بلوارفرحزادی،بلوار نورانی،پلاک52
301,خردمند شمالی،کوچه دهم،پلاک ۹
302,دزاشیب،نجابت جو،نرسیده به نیاوران،پلاک 16
303,سعادت آباد،پایین تر از میدان بهرود،جنب مرکز خرید پرواز
304,میدان هفت حوض، خ آیت شمالی، مجتمع تجاری امرالد استار، طبقه دوم
305,خیابان ايرانشهر، خیابان آذرشهر، پلاک ۲۸
306,زعفرانيه، انتهاي ماكويي پور شمالي، كوچه مسجد
307,پاسداران، تقاطع گیلان و فرخی‌یزدی‌
308,فیشرآباد(قرنی)،نبش خسرو(دهقانی‌نیا)
309,میدان ولیعصر، هتل آرامیس، روف روتالانژ
310,میدان هفت تیر،هتل مروارید
311,نیاوران،خیابان پور ابتهاج،خیابان خداوردی،کوچه آراسته،پلاک19
312,خیابان کریمخان،خیابان سنائی،پلاک50
313,ونک ، ابتدای خیابان ملاصدرا ،خیابان پردیس، شماره19
314,پونک، اشرفی اصفهانی جنوب، ورودی آبشناسان غرب، طبقه بالای سرزمین سوخاری
315,ملاصدرا، شیخ بهایی جنوبی، برزیل غربی، پلاک ۱۵۴
316,چهارراه ولیعصر، ضلع شرقی تئاتر شهر، بین رازی و خارک، بن‌ بست انجمن کتاب، پلاک ۱
317,"آیت اله کاشانی( به سمت صادقیه)،بعد از خروجی ستاری جنوب ، بین ابراهیمی و حسن آباد ،
پلاک ۴۳۰"
318,بلوار مرزداران غربی (بين یادگار امام و اشرفي اصفهاني)، بعد از بانك كشاورزي
319,خیابان‌ولیعصر، نرسیده به میدان ولیعصر، نبش خیابان فیروزه
320,امجدیه ، بهارشمالی ، بالاتر از ورزنده ، کوچه مخبرالملک ، پلاک ۴
321,هروی،خیابان ساقدوش،انتهای کوچه عدالت
322,شهرك غرب،بلوار فرحزادى،خيابان عباسى انارى ،پاساژ آريا -واحد ٨ ‏
323,خیابان سپهبد قرنی،کوچه امانی، پلاک ۵
324,‎پاسداران، نبش نیستان دوم
325,"سعادت آباد ، بالاتر از میدان کاج ، خیابان
هشتم(یعقوبی) ، خیابان مجد ، پلاک ۲۲"
326,خیابان شریعتی، بعد از پل صدر، نرسیده به پل رومی، پلاک 1786
327,بلوار کشاورز، خیابان کبکانیان، نبش کوچه ی ۵، پلاک ۱۲
328,پاسداران ، پایدارفرد ، بین بوستان چهارم و پنجم ، پلاک ۱۲
329,"نیاوران، سه راه یاسر، انتهای صادقی قمی،
ابتدای خلیلی ،مجتمع پارسیان جماران، دهکده ایرانی"
330,خیابان کریم خان، خیابان ایرانشهر،کوچه جمیله شیخی ، پلاک ۱۳
331,انقلاب ، خیابان فلسطین ، خیابان لبافی نژاد قبل از ابوریحان،پلاک ۸۵
332,خیابان ولیعصر، روبروی‌پارک ملت، کوچه انصاری،مجاور پارکینگ برج ملت،پلاک ۸۷
333,ضلع غربی میدان هفت‌حوض، کوچه عظیمی‌نیا، پلاک ۲۴
334,خیابان بهار شمالی٫خیابان ورکش٫پلاک۱۷/۱
335,خیابان ولیعصر، نرسیده به پارک وی، خیابان قریشی (تورج)، پلاک 26
336,"ولیعصر نرسیده به پارک وی،نبش کوچه خاکزاد
پلاک ۲۸۴۱"
337,پاسداران، خیابان اسلامی، بین گلستان ۱ و ۲
338,خیابان انقلاب،بین ولیعصر و پل کالج،البرز۲،انتهای بن بست البرز1،جنب دانشگاه هنر و معماری
339,خيابان كريمخان خيابان عضدى ( آبان )جنوبي خيابان شهيد جعفر شهرى تماشاخانه سپند
340,میدان هروی، مجتمع تجاری الماس هروی، طبقه دوم
341,شهرک غرب، پاساژ گلستان، نبش ورودی مهستان
342,خیابان انقلاب،جنب خیابان آذرنوش،پلاک549
343,کریمخان،ایرانشهر،کوچه استاد سمندریان،پلاک ۳۰
344,سهروردی شمالی،بین خیابان بهشتی و مطهری،بین کوچه آزادی و باغ،پلاک ۲۶۴
345,میدان‌درکه،سر میر‌اسماعیلی،پلاک۱
346,شهرك اكباتان،فاز٢،مجتمع تجارى مگامال،تراس طبقه دوم
347,شهرک غرب،مجتمع تجاری پلاتین،طبقه اول
348,فرشته، خیابان آقابزرگی، پلاک 21
349,خيابان بهشتي، بين خيابان انديشه و خيابان داريوش ، پلاك ٩٨
350,نیاوران،مژده. میری،عرفانی،پلاک ۱۷
351,فرشته. بوسنی هرزگوین. مجتمع تجاری مینیاتور. واحد ١
352,‎سعادت آباد، پایین تر از ميدان فرهنگ، پلاك٣٧
353,میدان کوهسار،جاده سولقان،روبه روی سفره خانه ماه عسل
354,‌شهرک غرب،خیابان سپهر،گلبرگ سوم،انتهای کوچه رضایی غربی
355,پاسداران،روبروی بوستان هفتم،مرکزخرید پاسداران واحد۳۳
356,خیابان اسد ابادی،بین کوچه ۱۶ و ۱۸
357,نیاوران،خیابان پور ابتهاج،نبش خیابان محمدی
358,ازگل،انتهاى ١٢ مترى قائم،روبروى برج حيات نو
359,امیر آباد ، نبش کوچه ۱۴، مجتمع تجاری احسان، طبقه یک
360,فرشته، خیابان بوسنی هرزگوین، خیابان دکتر حسابی، پلاک ۱۳/۱
361,خیابان سمیه، تقاطع نجات الهی پلاک 254
362,یادگارامام جنوب،فرحزاد شمالی،رو به روی نمایندگی سایپا پلاک ۲۵
363,ونك،خيابان خدامى،روبروى هتل هما
364,شهرک غرب،بلوار دریا،خیابان رامشه،پلاک ۲۷
365,خیابان انقلاب،زیر پل کالج،کوچه البرز ۲ انتهای البرز ۱ پلاک ۳۲
366,میدان هفت‌تیر، خیابان کریمخان زند، خردمندجنوبی
367,ایران‌مال، طبقه جی ۲، جنب کتابخانه جندی‌شاپور، شبرو بازار
368,میرعماد،کوچه دوم،پلاک22
369,شهرک غرب،میدان صنعت،ابتدای خیابان ایران زمین،پلاک7
370,سعادت آباد، بلوار کوهستان، مرکز تجاری اپال، طبقه دهم
371,میدان هفت تیر،خیابان بهار شیراز،خیابان سلیمان خاطر کوچه گلزار
372,کریمخان‌زند، خردمند جنوبی، بن‌بست وحدتی‌منش،پلاک ۲
373,اندرزگو، نبش علوی پلاک ۲
374,سعادت آباد، بلوار کوهستان، مرکز تجاری اُپال
375,خیابان انقلاب، بعد از دروازه دولت، خیابان رامسر، پلاک ۷
376,شمس آباد،ضلع جنوب شرقی میدان ملت،پلاک745
377,روبروی پارک قیطریه،خیابان حداد،پلاک4
378,خیابان قرنی،نبش کریمخان،هتل بلور،طبقه اول
379,تهرانپارس،حدفاصل فلکه اول و سه راه
380,خیابان فلسطین، خیابان بزرگمهر، خیابان برادران شهید مظفر(صبا)، پلاک ۱۲۵
381,خیابان نوفل لوشاتو، نرسیده به ولیعصر، کاشی 87
382,پاسداران،بوستان دوم،پلاک ۹
383,روبرو پارک نیاوران، داخل فرهنگسرای نیاوران
384,شمال کاخ نیاوران،ابتدای کاشانک،پلاک۳۸۶
385,سی متری نیروهوایی،نبش اقاجانی غربی،پلاک۴۲۴
386,"سعادت آباد,بین میدان کاج و‌میدان فرهنگ،روبروی بیمارستان پارسیان"
387,خیابان فرمانیه غربی(لواسانی غربی)،جنب شیرینی فروشی فرمانیه، پلاک ۱۲۱
388,خیابان فاطمی،روبروی هتل لاله
389,آجودانیه،مجتمع  تجاری عرش
390,پاسداران نبش بهستان ۷ پلاک۴۱۸
391,نیاوران بعد از سه راه یاسر نرسیده به مژده پلاک ۳۲۰
392,اندرزگو، خیابان سلیمی شمالی
393,فرودگاه مهرآباد،ترمینال ۲
394,شهرک غرب،مجتمع تجاری پلاتین،طبقه منفی یک،جنب هایپرمی
395,مجموعه فرهنگی ورزشی انقلاب،کلوپ صخره‌نوردی
396,مجموعه فرهنگی تاریخی کاخ نیاوران
397,شهرک غرب ،ایران زمین،باغ راه فدک
398,خردمند شمالی،نبش کوچه سهیلی،پلاک ۱۱۱/۱
399,سعادت آباد ، بالاتر از میدان کاج ، خیابان دوم (عبقری) ، داخل پارک شقایق ، ساختمان آجری
400,ولنجک،توچال
401,نیاوران ، خیابان پور ابتهاج ، نبش خداوردی ، مجتمع لیدو ، طبقه R1
402,شهرک غرب، بلوار دریا، بیست و یک متری گلها، نبش توحید پنجم
403,تهرانپارس،خیابان دماوند، نبش خیابان مهرنامی، پلاک ۲۸۷/۱
404,دیباجی جنوبی، کوچه بختیاری، پلاک ۲۱
405,دارآباد،خیابان پورابتهاج،نبش خیابان محبّی
406,گیشا کوی نصر، بین کوچه 1 و 3 پلاک 26
407,بزرگراه اشرفی اصفهانی،مرکز خرید تیراژه،طبقه دوم
408,شهرک غرب،بلوار دادمان،بین کوچه معراج و میلاد،پلاک ١٤٧
409,چیتگر، بلوار کوهک، مرکز خرید طوبی، آسانسور جنوبی، طبقه 5
410,جردن،نبش دستگردی،پلاک۹۹
411,جردن،نبش آرش غربی،ساختمان اکسین،طبقه نهم
412,خیابان ولیعصر،بالاتر از چهار راه ولیعصر،خیابان بزرگمهر،نبش فریمان پلاک ۵۸
413,آیت الله کاشانی،سه راه جنت آباد
414,شهرک غرب،میدان صنعت،ابتدای خیابان سیمای ایران،ورودی پارکینگ مجتمع تجاری پلاتین،جنب هایپرمی،حیاط مرکزی
415,شیخ بهایی جنوبی،بلوار علیخانی،مجتمع ونک پارک،برج دماوند
416,کامرانیه شمالی ، نبش شریفی ، ساختمان یاس کامرانیه ، پلاک ۸ ، طبقه۹
417,نياوران،اميرسليمانى،روبروی فرهنگسرای امام خمینی
418,ستارخان،روبروى حبيب الهي،خيابان تاكستان،پلاک ٧/١
419,پاسداران،نگارستان هفتم
420,شمیرانات،اوشان میدان امام علی پانصد متر به سمت تهران
421,سهروردي شمالی، پايين‌تر از آپادانا(خرمشهر)، نبش كوچه فيروزه، پلاک ٥٤٤
422,ولیعصر، بالاتر از میدان ولیعصر، کوچه فرخی ، پلاک ۳۵
423,میدان فلسطین،خیابان طالقانی غرب،خیابان سرپرست بن بست پارس
424,خواجه عبدالله،روبروی کوچه13،مجتمع اختر
425,ميدان بهارستان،خيابان نظاميه،كوچه اصالت،بنبست پنجم
426,لواسان، بلوار امام خمینی، نبش بوستان اول
427,بلوارکشاورز، خیابان قدس، نرسیده‌ به‌ ایتالیا، کوچه‌ اَمیرشاهی، پلاک 7
428,میدان انقلاب،کارگرشمالی،کوچه ادوارد براون، پلاک 17
429,شریعتی،جنب مترو قلهک،پلاک ۱۵۰۰
430,میدان آرژانتین، ابتدای عماد مغینیه، مجتمع تجاری بهاران
431,میدان فردوسی ،خیابان انقلاب ،روبروی استاد نجات الهی (ویلا) کوچه کندوان نبش مهرانی پلاک ۱۹
432,بلوار میرداماد،میدان مادر،خیابان شاه نظری،پاساژ محسنی،طبقه دوم
433,انتهای اتوبان شهید خرازی،ایران مال،باغ دیدار،طبقه G3 واحد ۱۴۴
434,بازار بزرگ ایران مال،طبقه G2
435,بازار بزرگ ایران مال،طبقه G3
436,اندرزگو،بعد از کاوه به سمت شرق
437,یوسف آباد،جهان آرا ، بین کوچه ۱۶ و ۱۸
438,خیابان‌شریعتی‌،خیابان‌ملک‌،پلاک‌۲۵
439,سعادت آباد؛خیابان سرو غربی؛خیابان بخشایش خیابان نوزده شمالی؛برج عرفان؛طبقه همکف
440,ولنجک‌، خیابان چهاردهم‌، پاساژ توچال‌، طبقه اول
441,خیابان باهنر،مجموعه کتاب نیاوران
442,نیاوران،بعد از سه راه یاسر به سمت تجریش،عمارت سین هشتم،پلاک۳۱۱
443,خیابان پیروزی، خیابان اول نیروی هوایی، پلاک3/2
444,چهارراه کالج،تقاطع خیابان حافظ و انقلاب،پلاک717
445,خیابان باهنر، روبروی جماران، طبقه 1-
446,خیابان انقلاب،خیابان خارک،بن بست داوری پلاک ۳
447,اشرفی اصفهانی شمال.بعد از پل حکیم.مجتمع تجاری هامون.پلاک51
448,ونک، میدان شیخ بهایی، مرکز خرید سئول، پلاک ۱
449,شهرک غرب،بلوار فرحزادی،نبش خیابان امام صادق،پلاک2
450,کریمخان،خیابان ایرانشهر،کوچه نوشهر،پلاک۳
451,چهارراه سرسبز،آیت شمالی،نبش زمردشرقی،پلاک 901
452,خیابان  امیرکبیر، کوچه جاویدی، پلاک۳۸
453,خیابان فرشته، بوتیک مال ملل
454,میدان تجریش ابتدای خیابان ولیعصر جنب بانک کشاورزی
455,ایرانشهر، نبش خیابان یگانه
456,خیابان ایرانشهر، خیابان بهشهر، پلاک ۹
457,گیشا ، انتهای خیابان پیروزی شرقی ، ضلع شمالی بوستان گفتگو ، مجموعه پذیرایی گفتگو
458,شهرک غرب، بلوار دادمان، خیابان درختی، انتهای بلوار سپهر، کنارگذر یادگار، پلاک ۲۰۸/۱
459,سعادت آباد، پایین تر از میدان کاج، کوچه حق طلب غربی، پلاک130 طبقه دوم
460,"‎نياوران, ميدان نياوران پلاك ١٢"
461,خیابان میرداماد،خیابان حصاری،نبش کوچه سوم،هتل کوروش
462,ميدان ونک،‌ خیابان ملاصدرا،‌ خروجی خیابان ملاصدرا به سمت بزرگراه كردستان
463,ولیعصر، خیابان خدامی، خیابان آفتاب، کوچه ماهتاب، حیاط تجاری برج آفتاب
464,خیابان حافظ،روبروی مدرسه البرز،نبش بن بست حیات
465,خیابان ولیعصر، کوچه کیارستمی، بن بست دلبر، پلاک ۹
466,پاسداران، نبش گلستان دوم، (فلاح زاده)
467,ستارخان، فلکه اول صادقیه، پاساژ پردیس، طبقه دوم
468,ایران مال،طبقه اول
469,جردن، نبش اسفندیار، ساختمان اکسین، طبقه دوم، فروشگاه جین وست
470,شهرك غرب،بلواردادمان،محوطه باز بيمارستان دامپزشكي پايتخت
471,الهیه، مریم شرقی، پلاک ۶۷
472,"شهرك غرب ، روبروى اريكه ايرانيان
خيابان حافظى پلاك ٥٠"
473,اندرزگو،خیابان سلیمانی غربی،پلاک ۱۱۹
474,جردن، بلوار آرش غربی(کنار گذر)٫ پلاک۲۴
475,سعادت آباد،میدان کاج،ابتدای سرو شرقی،مجتمع تجاری مارکیز طبقه R
476,غرب به شرق شیخ فضل الله نوری،بعد از ستاری،خروجی شهرک آپادانا،شمال شرقی میدان برادران محمدی
477,باغ فردوس، خیابان عارفی نسب،کوچه دلبر پلاک ۴
478,خیابان الهیه، خیابان آقا‌بزرگی، پلاک۳۱
479,سعادت آباد ، علامه شمالی ، هجدهم غربی ، پلاک ۵۵
480,فاطمی، خیابانِ کاج، نبشِ کوچه‌ شش
481,اندرزگو، حدفاصل کاوه و قيطريه، نبش خيابان مهر محمدی جنوبی، برج ديانا، طبقات١٠و١١
482,خیابان نیاوران، خیابان مقدسی( مژده)،خیابان لاریجانی،نبش ظهیرالدوله
483,سهروردي جنوبي.خيابان برادران نوبخت . جنب اتو آرمه .پلاك ١٧
484,نیاوران، جماران، خیابان امیدوار، کوچه هفتم، پلاک 5
485,"شمال کاخ نیاوران، اول کاشانک، انتهای خیابان جهانشاهی، خیابان احمد جبلی، پلاک ۲۳
‌"
486,خیابان جمهوری،خیابان رازی،کوچه پرتویی
487,خیابان انقلاب بعد از میدان فردوسی،حد فاصل رامسر و موسوی کوچه اذرنوش
488,خیابان ونک،خیابان کار و تجارت،پلاک ۳۵
489,ولیعصر، روبه‌روی تئاتر شهر،کوچه پشن،پلاک۱۲
490,ولنجک ، خیابان امیر آبادی ، نبش گلستان سوم
491,خیابان نجات اللهی (ویلا) ، خیابان فلاح پور، شماره۳۳
492,"یوسف آباد ، میدان سلماس ، تقاطع فتحی شقاقی و
بیستون پلاک 32"
493,خیابان کریمخان،خیابان نجات الهی،خیاباان سپند،تقاطع قرنی،جنب هتل آرام
494,سعادت آباد،بلوار کوهستان،مجتمع تجاری اُپال،طبقه4
495,حکیمیه،بلوار بهار،نبش زهدی،پلاک14، طبقه2
496,فلسطين شمالي،خيابان فيروز دهقان پلاك ٣
497,حکیمیه،بلوار بهار، خیابان بهشت، بهار ۱، پلاک ۳۶
498,شریعتی،تقاطع طالقانی،ابتدای خواجه نصیر
499,نياوران، خیابان محمودی ۳ ، پلاک ۷
500,اقدسیه،خیابان‌فیروزبخش،خیابان‌باستان،بعداز تقاطع اول،کوچه دستان ،پلاک۹
501,میدان آرژانتین، انتهای خیابان الوند، خیابان اسفراین، نبش اهورا مزدا، طبقه آخر هتل اسکان الوند
502,میدان انقلاب،خیابان کارگرشمالی،نرسیده به بلوارکشاورزپلاک1555
503,ايران مال ، جنب آبنماى موزيكال
504,خیابان فردوسي، نرسیده به میدان فردوسی، کوچه ضرابي پلاک4
505,بزرگراه کردستان،خیابان زاینده رود غربی، پلاک ۱ (مجتمع پارک پرنس)، طبقه همکف، واحد۱۴
506,بلوار کشاورز، نبش خیابان 16 آذر
507,اندرزگو،سلیمی جنوبی،نبش نعمتی،پلاک ۷۰
508,"خیابان انقلاب، خیابان نجات‌اللهی(ویلا)
کوچه محمدی، نبش کوچه افشار، پلاک ۹"
509,ديباجي جنوبي، نبش كوچه رحيمي پلاك ٣
510,پل  پارک وی،چمران جنوب خروجی هتل اوین،خیابان شهید سوری،نرسیده به درب ورودی آتی ساز،کوچه بهزاد،پلاک20
511,ابتداى لشگرى،بين بيمه ٢ و ٣،كارخانه نوآورى آزادى
512,سعادت آباد،میدان بهرود،خیابان عابدی،نبش کوچه سی ششم پلاک ۱۷
513,شهرک غرب بلوار درختی خ حافظی نرسیده به یادگار امام پلاک١۴۵
514,خیابان ولیعصر، خیابان زعفرانیه، موزه تماشاگه زمان
515,خیابان نلسون ماندلا،کوچه عاطفی شرقی، پلاک۱۸
516,خیابان سهروردی شمالی،نبش خیاابان توپچی
517,بلوار کشاورز،خیابان نادری تقاطع ایتالیا
518,بلوار فردوس شرق، پلاک 290
519,اتوبان صدرشرق، خروجی منظریه خیابان‌منظریه طبقه فوقانی شهرکتاب منظریه
520,بزرگراه ارتش،برج های آتی ساز،برج نرگس،واحد ۶
521,نیاوران، خیابان امیدوار، نبش کوچه پانزدهم
522,مجتمع آ.اس.پ، واحد تجاری40
523,خیابان انقلاب،خیابان دانشگاه،خیابان وحید نظری،پلاک٦٨
524,ایران مال،طبقه G1
525,نازی آباد، بازار دوم، خیابان نیکنام شمالی،پلاک46
526,جردن، بلوار آرش غربی٫ پلاک۲۴
527,تهرانپارس،پايين تر از فلكه اول،خيابان شهيد حسيني(بهار)،پلاك ٧١
528,میدان نیاوران،خیابان باهنر،پلاک ۹۹
529,دریاچه چیتگر، بام لند، بلوک c
530,بالاتر از میدان نیاوران، خیابان جهانشاهی پلاک15
531,"اندرزگو, سلیمانی غربی, خیابان واعظی, روبروی خیابان طوبایی"
532,کریمخان،خیابان میرزای شیرازی،شماره‌ ۹۳
533,میدان امام حسین،نبشِ چهارراه صفا
534,میرداماد، خیابان سنجابی،میدان مینا ،پلاک ۳،مجموعه شهرکتاب مینا
535,نارمک،ضلع شرقی میدان نبوت،نبش کوچه فاطمه الزهرا،پلاک۳۳
536,خیابان فرشته،خیابان بوسنی هرزوگوین، خیابان دکتر حسابی، باغ موزه هنر ایرانی
537,خیابان مطهری، خیابان لارستان، خیابان عبده، پلاک ۷
538,آجودانیه،مجتمع تجاری عرش آجودانیه،طبقه دوم پلاک 154
539,فرمانیه،دیباجی شمالی،پلاک ۷۲
540,خيابان اندرزگو، خيابان سليمي جنوبي، خيابان نعمتي، پلاك ٣٤
541,سید خندان، خیابان جلفا، فرهنگسرای ارسباران، کوچه عقابف پلاک یک
542,چهارراه ولیعصر، خیابان خارک، کوچه داوری، پلاک ٣
543,اقدسیه،نبش خیابان فیرزو بخش،جنب سفارت چین،مجتمع تجاری آوا سنتر،طبقه منفی ۲
544,شهران، بلوار کوهسار، پارک جنگلی کوهسار
545,خيابان شريعتى بالاتر از پل صدر نبش كوچه داد (حافظى) پاساژ الماس طبقه همكف
546,شهرک غرب، خیابان ایران زمین، خیابان گلستان جنوبی، جنب بانک ایران زمین، پلاک 9
547,کاخ موزه سعد آباد،درب زعفرانیه بالاتر از کاخ ملت
548,شهرک غرب، روبه روی میلاد نور، مجتمع ستین سنتر
549,اوین، اعرابی، نرسیده به سرهنگ عشقی، پلاک ۱۲
550,بلوار کاوه، ابتدای بلوار اندرزگو، پلاک ۱۳۸
551,خیابان ولیعصر، بالاتر از پارک ساعی، نبش خیابان مردوخی
552,میدان رسالت، خیابان هنگام، سه راه طاهرخانی، نبش کوچه بهار
553,شهرک غرب، بلوار دادمان، ابتدای خیابان درختی، مرکز خرید سپهر، طبقه اول
554,دروازه شمیران، میدان ابن سینا، خیابان مازندران
555,یوسف آباد،خیابان اسد آبادی،بین ۴۳ و ۴۵ ،جنب بانک رفاه
556,تقاطع خیابان بهشتی و سهرودی پلاک ۱۳۶
557,شهرک غرب، فاز 1 خ ایران زمین،مرکزخریدگلستان، حیاط شرقی
558,"شهرک غرب، فاز ۴، خیابان فلامک شمالی،
نبش کوچه پنجم، پلاک ۲۸"
559,تجريش ميدان قدس ابتداى خيابان باهنر پلاك ٥٧١
560,نرسیده به میدان شاپور بین خیابان طبرستان و بشیری پلاک۶۴۸
561,شهران جنوبی، بلوار کوهسار، خیابان فرهنگ، مجتمع کوهسار،بلوکB، واحد تجاری یک
562,خیابان سپهبد قرنی، خیابان شاداب، پلاک ۵۲، جنب هتل قدس
563,سعادت آباد، میدان فرهنگ، بلوار ۲۴ متری، نبش هفتم شرقی
564,سعادت آباد،بالاتر از میدان کاج، بین خیابان عبقری و گلستان دوم
565,زعفرانیه، میدان اعجازی، بلوار بهزادی، بن بست بهار
566,یوسف آباد، خیابان شهید اکبری، روبروی سی و سوم، پلاک ۸۵
567,بلوار فردوس شرق، بين خیابان عقيل و حسن آباد،پلاك ٣٦٧
568,خیابان جمهوری، جنب متروی سعدی، پلاک ۲۰۵
569,تهرانپارس، بالاتر از فلکه سوم، انتهای خیابان خدابنده، ساختمان امیران
570,خیابان پیروزی، صد دستگاه، پلاک524
571,وصال شیرازی، نرسیده به بلوارکشاورز، بالاتر از ایتالیا، کوچه مریم، کاشی۵
572,خیابان استخر، بلوار استقلال، جنب پارک پلیس، ابتدا خیابان صاحب الزمان شمالی، پلاک 12، طبقه اول
573,شهران شمالی،بالاتر از فلکه سوم،جنب کارواش پدربزرگ
574,بزرگراه شهید محلاتی،حد فاصل پُل ری و پُل آهنگ،پلاک ۳۳۸
575,زعفرانیه، سه راه آصف،مجتمع تجاری بامیک
576,دروس، میدان هدایت، خیابان شادلو، خیابان کماسایی، پلاک۴۷
577,بزرگراه آیت الله کاشانی،نبش خیابان عقیل
578,سعادت آباد، خیابان ۳۸، نبش تقاطع نبی اکرم و خیابان ۴۰
579,فرمانیه،نبش نارجستان چهارم،مجتمع ارتمیس،طبقه دوم
580,حکیم غرب، خروجی لشگری غرب گذر
581,انتهای اتوبان ستاری شمال،میدان دانشگاه،نبش خیابان مخابرات
582,سـعادت آباد، بلوار دریـا، صرافهـا جنوبی، ۳۱غـربی
583,پاسداران، خيابان داوود اسلامی، بالاتر از خيابان گيلان، پلاك 12.2 ، طبقه دوم
584,شهر آرا، پایین تر از اداره گذرنامه، نبش کوچه هفتم(اکبرزاده)
585,اندرزگو، نبش کاوه، کنار رستوران ضیافت، کوچه نیکو ، پلاک۱، طبقه -۱
586,خیابان حافظ، روبروی تالار وحدت
587,خیابان کریمخان، خیابان سنایی، کوچه هجدهم، پلاک ۲۶، طبقه دوم‌
588,سعادت آباد،نبش نفيسي غربي (٢٣)،پلاك ٧٢/١
589,سعادت آباد، میدان بهرود، خیابان 33، هتل اسپیناس پالاس
590,اقدسيه، موحددانش، پلاك ١١٠،مجتمع پلاتين
591,خیابان کریمخان، بین خیابان ایرانشهر و خردمند جنوبی، خیابان ماهشهر، کوچه ملکیان، پلاک ۱۸
592,سعادت آباد،سرو غربي،١٨ متري مطهري،پلاك ١٢
593,خیابان فلسطین جنوبی، خیابان لبافی نژاد، کاشی ۸۷
594,شهرک غرب، بلوار دریا به سمت شرق، بعد از میدان کوثر، رو به رو پارک دلاوران، خیابان 21 متری گلها
595,بلوار مرزداران، جنب شیرینی ماه بانو، پلاک ١٨٥
596,خیابان طالقانی، خیابان حافظ، خیابان رشت، پلاک ۴۱
597,خیابان گاندی، ضلع شمالی پل همت
598,میدان جمهوری، نبش خیابان ارومیه
599,سعادت آباد،بلوار کوهستان، مجتمع اپال طبقه ۵
600,مرزداران غربی، خیابان ابراهیمی، برج الوند طبقه ۲
601,سعادت آباد، خیابان کوهستان، مجتمع تجاری اپال طبقه ي ششم
602,خیابان جمهوری، جنب کافه نادری، پلاک688
603,جنب سينما فلسطين،خيابان برادران مظفر،شماره ١٢٥
604,سعدی، خیابان ‌منوچهری، پاساژ مرجان، طبقه‌۱
605,دروس، میدان هدایت، پلاک ۲۱
606,خیابان ملاصدرا،خیابان شیراز شمالی،پلاک۱۳۱
607,شهرری، فودکورت ری لند
608,هروی ، خیابان گلزار ، نبش کوچه پنجم ، همکف برج گلزار
609,ميدان هروى،بين مكران و ساقدوش،پاساژ مايسا،طبقه دوم
610,خیابان ولیعصر، پایین تر از میدان ولیعصر، نبش بن بست صدف
611,خیابان کریم خان، خیابان نجات الهی، خیابان اراک، پلاک35
612,روبروی ایستگاه مترو چیتگر
613,فرشته،خیابان آقا بزرگی،خیابان صحرا،پلاک27
614,خیابان فاطمی، خیابان دائمی، خیابان سازمان آب، پلاک ۳۶
615,خیابان شریعتی، پایین تر از سراه طالقانی، نرسیده به چهارراه سمیه، پلاک ۱۱۴/۱
616,هفت تیر، مفتح جنوبی، ورکش، نبش سیاسی پلاک ۱۷/۷
617,میدان انقلاب، کارگر شمالی، بالاتر از نصرت، پلاک 1531
618,نرسیده به میدان ولیعصر، نبش خیابان فیروزه
619,پاسداران، نگارستان یکم
620,پاسداران روبه روي نگارستان پنجم، پلاک ٤٦
621,تهرانپارس، خیابان گلبرگ، خیابان۱۱۳(صادقی)، نبش خیابان ۱۴۴غربی(ستانی)
622,ابتدای خیابان لواسانی،مرکزخرید روشا،درب ورودی فرمانیه
623,خیابان سمیه، بین ایرانشهر و سپهبدقرنی، پلاک212
624,"ضلع غربی پارک هنرمندان، خیابان ایرانشهر، بن
بست نیکوشهر"
625,شهرک گلستان، بلوار کوهک، مجتمع تجاری طوبی، طبقه اول ، واحد149
626,بلوار کشاورز،ابتدای وصال شیرازی،نبش بن بست هما،پلاک119
627,هفت تیر، کوچه مانی، پلاک ۷۵
628,یوسف آباد،خیابان اکبری(مستوفی)پلاک ۳۰
629,پاسداران،گلستان دوم(فلاح زاده)،پلاک 109
630,شهرک آهن، بلوار کوهک، نسیم 16
631,خیابان انقلاب، نرسیده به خیابان ویلا جنب قهوه ست ، پلاک ۸۵۰
632,خیابان یوسف آباد،خیابان شصت و چهارم، مجتمع تجاری، مسکونی ASP،واحد تجاری ۳۴
633,ولیعصر، تقاطع زردتشت نبش کوچه نوربخش
634,میدان شیخ بهایی ، جنب بانک رفاه ، شماره 1
635,جنت آباد شمالي،بالا تر از چهار راه ايرانپارس،انتهاي خيابان كوروش شرقي،بالاي فرشگاه كوروش
636,پونک، ضلع شمالی بلوار همیلا،پلاک39
637,خیابان گاندی،پاساژ گاندی،طبقه اول
638,مرزداران،خیابان ابوالفضل،پلاک8
639,"خیابان وحدت اسلامی(شاپور)
قبل از میدان شاپور، پلاک 586"
640,تهرانپارس، بلوار باقری، فلکه سوم، لاین کندرو، پلاک ۸۴
641,جردن،بالاتر از بلوار اسفندیار،نبش عاطفی غربی پلاک ۱۴۸
642,مترو پانزده خرداد،سبزه میدان،بازار کفاشها،رحیمیه۲
643,شهرک گلستان، بلوار امیرکبیر، تقاطع کاج، مجتمع مال مون
644,شهرک غرب، خیابان سپهر، بین فرحزادی و فخار مقدم، پلاک 29
645,میدان جمهوری، خیابان جمهوری، تقاطع خیابان اسکندری، جنب داروخانه، ساختمان راز، طبقه اول
646,قیطریه، بلوار صبا، ابتدای خیابان فاطمیه، نبش مهر ۷
647,خیابان نوفل لوشاتو، خیابان رازی، بن بست زندوکیل، پلاک ۶
648,سعادت‌آباد ، میدان کاج ، سرو شرقی ، بلوار علامه شمالی ، نبش چهاردهم شرقی
649,یوسف آباد،نبش پانزدهم،پلاک ۶۵
650,پاسداران، خیابان پایدار فرد، نبش بوستان دهم
651,نیاوران، خیابان باهنر، بعد از مژده، بن بست شریعتی، پلاک ۱
652,خیابان مطهری، نرسیده به خیابان سهروردی، ساختمان شماره ۱۲۰، طبقه منفی یک
653,خیابان شریعتی، ضلع جنوب پل سیدخندان پلاک ۱۸
654,تجریش ، میدان قدس ،خیابان دربند ، نبش احمدی زمانی ، هتل ویستریا
655,بلوار فردوس غرب( ناصر حجازی)، روبه روی پارک الهام
656,خیابان حبیب اللهی، خیابان قاسمی، پلاک۷۹، جنب جهد دانشگاهی شریف
657,مجیدیه شمالی، بلوار کاووسی ( بلوار بیژن )، بالاتر از گلستان دهم، پلاک ۱۳۵
658,پونک،ضلع شمالی مجتمع بوستان،خیابان کربلایی احمد (اردیبهشت)،راهرو آبشار بالا،پلاک ۸۳۶
659,خیابان دولت، چهار راه قنات اول، خیابان آقا میری، جنب بانک پاسارگاد، پلاک 45، طبقه همکف، کلینیک دانیان
660,سهروردی، اورامی، نبش اسلامی
661,میدان منیریه، خیابان معیری، پلاک 116 و 118
662,خیابان پیروزی ، ۱۰۰متر پایین تر از چهار راه کوکا کولا ،نبش خیابان لادن غربی
663,میدان دریاچه، بلوار میعاد غربی، درب اصلی دریاچه، استیج غربی، پلاک 11
664,بلوار فردوس غرب، بعد از بهار شمالی، نبش منوچهر غربی
665,چیتگر.بلوار کوهک مجتمع تجاری طوبی
666,خیابان انقلاب، بین شریعتی و پل‌چوبی، کوچه توانا
667,خیابان کریمخان، خیابان .خردمند جنوبی، ‌کوچه نوشهر، پلاک۳
668,فلكه اول تهرانپارس،خيابان قانع،روبروی درب اصلى پاساژ‌ سپيد،پلاك ٣١
669,ولنجک میدان دانشگاه انتهای بلوار دانشجو روبروی دبستان ایران زمین پلاک 15.1
670,شهرک غرب،بلوار دادمان،خیابان فخارمقدم،پلاک72
671,ميدان بهارستان، خيابان مصطفى خمينى، خيابان نظاميه، كوچه اصالت، بن بست پنجم
672,نياوران، پايين تر از سه راه ياسر
673,خیابان بزرگمهر،بین مظفروفلسطین،نبش ساختمان تجاری بزرگمهر
674,خیابان انقلاب ، خیابان رازی ، نبش پارک دانشجو
675,فرمانیه ، نارنجستان ۷ ، مجتمع تجاری پارک سنتر ، طبقه اول
676,انقلاب، جمالزاده جنوبی، رشتچی، پ ۲۶
677,انقلاب، میدان فردوسی، خیابان پارس، شماره ۲
678,بلوارکشاورز،خ وصال، نرسیده به ایتالیا، بن‌بست مریم
679,بلوار فردوس شرق، بين رامين و مالكى، پلاك ٢٤٨
680,پاسداران، میدان هروی، خیابان ساقدوش، پایین تر از کوچه یاس پلاک 117/1
681,شهرک غرب، بلوار دادمان، نرسیده به  پل یادگار ، پلاک ۱۶۷
682,چمران شمال، بعد از پل نیایش ، خیابان سئول ، شهرک سئول ، نبش هشتم شرقی( روبه روی درب غربی باشگاه انقلاب)
683,سعادت آباد ، نبشه کوچه ی سی و دوم، پلاک ۵ ، طبقه ی اول
684,بلوار کشاورز، برج سامان، بلوک 1
685,خیابان سی تیر،روبروی کلیسای پطرس،پلاک ۱۱۲
686,مطهری،نرسیده به سهروردی،خیابان اورامان،نبش کوچه گروس
687,میدان هروی، میدان ملت، خیابان ریحانی(محمدی)، روبرو بانک پاسارگاد
688,فلکه دوم صادقیه، بلوار گلاب ، جنب پارک شهروند
689,میدان شیخ بهایی، مرکز خرید سئول ، واحد ۵۶ و ۵۷
690,بلوار ارتش شرق، مجتمع خرید پرنیان،طبقه هفتم
691,بالاتر از فلکه سوم شهران، .ورودی۲کوهسار.، فودکورت ویولند
692,خیابان انقلاب ،خیابان وصال،کوچه شفیعی،پلاک ۱
693,سعادت آباد،مجتمع تجاری اپال،طبقه دهم
694,پاسداران،دروس،خیابان هاتف اصفهانی،نبش کوچه جواهری ،پلاک ۷
695,خیابان نیاوران، روبروی جماران، جنب بانک پاسارگاد، پلاک ۱۶۲
696,میدان پالیزی ، ابتدای خیابان قندی، نبش دوم ، پلاک 21 زیرزمین
697,سعادت آباد،خیابان دریا،نبش مطهری جنوبی
698,خیابان سمیه، خیابان موسوی نرسیده به ایرانشهر، خیابا فرصت،پلاک ۳۱
699,خیابان شیراز جنوبی، خیابان علیخانی غربی، مجتمع ونک پارک، برج الوند، بال غربی، واحد ۲۹
700,شهرک غرب،فاز۱،خیابان ایران زمین،مرکز خرید گلستان،حیاط شرقی پلاک ۲۶
701,پانزده خرداد،بازارچه تاريخي عودلاجان
702,سعادت آباد،بلوار دریا،خیابان رامشه،نبش توحید یکم
703,فلکه د.م تهرانپارس، پاساژ  پارسیان، بالکن سمت راست
704,تهرانپارس ، فرجام ، نبش عادل جنوبی
705,میدان فلسطین، ابتدای خیابان طالقانی غربی،پلاک 401 هتل آتانا
706,شریعتی، روبه رو حسینیه ارشاد، نبش بن بست هدیه
707,شهرک غرب، بلوار دادمان، خیابان فخار مقدم ، نبش گلبرگ 2 غربی
708,پاسداران،خيابان داوود اسلامي،بين گلستان دوم و سوم
709,فلکه اول تهرانپارس، امیری طائمه، پلاک 20،ط 1
710,تهرانپارس شرقی ، میدان رهبر ، ابتدای خیابان زهدی ، کوچه روشن شرقی
711,گیشا ، بین خیابان 10 و 12 ، پلاک 13
712,خیابان شریعتی ،خیابان شهید قندی، پارک اندیشه ، فرهنگسرای اندیشه
713,پل کریمخان،ابتدای میرزای شیرازی،نبش کوچه یکم ،پلاک 3/2
714,میدان انقلاب اسلامی، خیابان کارگر شمالی، بالاتر از خیابان نصرت
715,بلوار کشاورز، خیابان 16 آذر ،بن بست پارسی ،پلاک 6
716,میدان فلسطین،خیابان طالقانی غرب،خیابان سرپرست جنوبی،کوچه پارس
717,حکیمیه، خیابان چمن آرا، روبرو در شمالی دانشگاه آزاد، گلخانه آیت
718,اتوبان ستاری، کوروش مال، طبقه همکف واحد ۹
719,یوسف آباد، خیابان مهرام، جنب شیرینی فروشی بی بی
720,بلوار کشاورز، ابتدای خیابان ۱۶ آذر
721,خیابان طالقانی،نرسیده به خیابان قرنی،روبروی هتل اطلس،پلاک ۲۹۸
722,شریعتی، بعد از دولت، نبش سینما فرهنگ، بالای بانک پارسیان، پلاک 1606
723,شهرك غرب،خيابان هرمزان،خيابان پيروزان جنوبي،مجمتع آموزشي نيكوكاري رعد
724,خیابان انقلاب، صبای جنوبی، نبش کوچه سرمد
725,خیابان انقلاب، خیابان فلسطین، کوچه پشن، پلاک ۱۵
726,میدان انقلاب، کارگرشمالی، بعد از چهار‌راه نصرت، نبش بن‌بست مهناز
727,پونک،مجتمع تجاری بوستان،درب اصلی،راه پله ی سمت راست،طبقه2
728,انقلاب، خیابان قدس، خیابان پورسینا، نبش کوچه جلالی
729,انتهای خیابان شهید بهشتی، بعد از تقاطع قایم مقام فرهانی، هتل آروما
730,خیابان انقلاب، بین چهار راه ولیعصر و پل کالج، روبروی خیابان خارک، پلاک 793
731,عرش آجودانیه
732,کریمخان، خیابان آبان جنوبی، خیابان سپند، پلاک ۶۹
733,خیابان ایرانشهر،پایین تر از خیابان سمیه،کوچه مهزاد پلاک ۸
734,خيابان سهروردي شمالي،خیابان خرمشهر،خیابان نيلوفر نبش دوم پلاك ١٢
735,خيابان انقلاب،نرسيده بين چهارراه وليعصر و پل كالج جنب رخت ايراني بته جقه پلاك ٩٧٤
736,دروازه شمیران، اول خ روشندلان پلاک 4
737,بزرگراه رسالت، بین کرد و کرمان، خیابان برادران محمودی (لاهیجانی)، پلاک 20
738,میدان کاج، مجتمع سروستان، طبقه دوم، واحد ۴۲
739,نارمک، خیابان شهید مدنی، نظام آباد، بالاتر از مترو فدک، نبش کوچه علیجانی 122
740,نارمک، گلبرگ غربی، میدان حلال احمر، روبروی پارک فدک
741,چهارراه ولیعصر،روبروی تئاتر شهر،کوچه سرمد،پلاک 10
742,میدان انقلاب، کارگر شمالی، نبش نصرت ، پلاک ۱۵۱۹
743,فرمانیه،نارنجستان هفتم (شهید جهانبخش‌نژاد)،مرکز خرید پارک سنتر،طبقه دوم.
744,حسن آباد، خیابان وحدت اسلامی، پارک شهر، مرکز پارک
745,نارمک، میدان رسالت، خیابان هنگام، خیابان فرجام، بعد از میدان ۱۰۰، پلاک ۶۲۵
746,خیابان پیروزی، نرسیده به چهارراه کوکاکولا، مجتمع تجاری پانوراما، طبقه منفی ۳
747,شهرری، میدان نماز، خیابان دیلمان شمالی، خیابان ایثار، پلاک ۱۶
748,بلوار ابوذر، پل پنجم، خیابان ده حقی، نبش کوچه علامه جنوبی، پلاک 137
749,خیابان پاسداران، خیابان دولت، نرسیده به چهار راه قنات، خیابان سنجابی، پلاک 14
750,سعادت آباد،میدان فرهنگ،بلوار فرهنگ،نبش کوچه 30
751,ستارخان،خیابان خسرو جنوبی،پلاک40
752,ایران مال، طبقه G2
753,خیابان انقلاب، فلسطین جنوبی، ابتدای کوچه پشن
754,میدان فلسطین، فلسطین شمالی، بن بست سعیدی، پلاک 9
755,تهرانپارس، خیابان فرجام، خیابان سراج، خیابان جهانشاهلو (سی متری دوم)، پلاک 191
756,سعادت آباد،بلوار دریا،انتهای خیابان رامشه،نبش کوچه مهرداد
757,کریمخان زند،میرزای شیرازی اول، کوچه ۴،پلاک۲
758,صادقیه ، بلوار فردوس شرق، ابتدای گلستان شمالی پلاک 4
759,فلکه دوم تهرانپارس،نبش 166غربی
760,پل سیدخندان،خیابان میرمطهری،نرسیده به سهروردی، پلاک۹۰
761,شهرک اکباتان، فاز یک، خیابان شهید حنانی، مرکز تجاری هفت، راهروی پایین
762,خیابان مطهری (تخت طاووس)، خیابان مهرداد، شماره 16
763,بالاتر از تهرانپارس ، شهرك اميد، مجتمع تجاري، پلاك ٣٣
764,خیابان سئول،میدان شیخ بهایی،پاساژ پارک سئول،پلاک ۵۱
765,سعادت آباد، خیابان سرو غربی، خیابان بخشایش،خیابان بهار ۱، پلاک ۱۰
766,خیابان مطهری، خیابان مفتح، کوچه مرزبان‌نامه، خانه شماره ۱۳
767,اشرفی اصفهانی، فلکه دوم صادقیه، نبش مرودشت
768,چهارراه ولی عصر،خیابان مظفر جنوبی،پایین تر از کوچه پشن،نبش ساختمان علاءالدین
769,تقاطع خیابان فلسطین جنوبی و خیابان بزرگمهر،روبروی سفارت فلسطین، پلاک ۳۵۶
770,بلوار کشاورز، خیابان کبکانیان، پلاک ۵
771,میدان فردوسی، خیابان ایرانشهر، روبروی اداره پست، پلاک۱۶
772,خیابان ولیعصر، بالاتر از میدان ولیعصر، نبش خیابان فرخی، پلاک ۱۷۶۷
773,مرزداران،خیابان ابراهیمی،برج الوند،واحد 703
774,بلوار اندرزگو شرق به غرب،نرسیده به بلوار کاوه،بن بست تابان پلاک 3
775,خیابان فرحزادی، میدان کتاب، مرکز تجاری اوپال سنتر،طبقه 3
776,عباس آباد (بهشتی )،بعد از مترو سهروردی،جنب خیابان یوسفی پلاک ۱۷۹
777,خیابان مطهری. نرسیده به سهروردی. پلاک ۱۲۰. طبقه زیر همکف
778,شهرک اکباتان،مگامال،طبقه همکف
779,ولنجک،بلوار دانشجو،پایین تر از میدان یاسمن،پلاک12
780,قیطریه، بلوار اندرزگو، خیابان اشکستان پورجنوبی،پلاک ۸
781,اشرفی اصفهانی، بالاتر از میدان پونک، نبش بن بست ۱۹، جنب بانک سامان
782,سعادت آباد، خیابان ۳۱ ام، پلاک ۴۷
783,بزرگراه شهید همت، ابتدای پاسداران، کوچه کاشی‌ها ،پلاک ۲، طبقه اول
784,پیروزی، نبرد جنوبی، خیابان ده حقی، روبروی دانشگاه آزاد
785,محمودیه، خیابان ب، نرسیده به بزرگراه چمران
786,میدان صنعت، خیابان فرحزادی، ابتدای خیابان سیمای ایران، مجموعه پلاتین
787,خیابان کارگر شمالی، بازارچه سنتی لاله، پلاک ۱۳۹
788,شهرک غرب،خیابان ایران زمین،پاساژ گلستان،حیاط شرقی،واحد22
789,خیابان ناصرخسرو، روبروی شمس العماره، پلاک 149
790,میدان هفت حوض، خیابان کمیجانی، جنب مهرانپور
791,بلوار آیت الله کاشانی، بلوار اباذر، نبش مهتاب پنجم
792,خیابان آیت الله کاشانی، خیابان ۲۰۰ دستگاه، کوچه یکم پلاک ۱۲
793,خیابان جمهوری، نرسیده به پل حافظ ،ابتدای کوچه لاله ،پلاک ۱۰
794,مجتمع آ.اس.پ ، پلاک ۲۷A
795,پاسداران، تقاطع داود اسلامی و گلستان پنجم، پلاک 60
796,سهروردی شمالی، خیابان آپادانا (خرمشهر)، پلاک 125
797,تهرانپارس، خیابان 142 غربی، بین خیابان رشید و 113، پلاک 108
798,ولنجک، بلوار دانشجو، پشت پارک گلریزان، روبروی مرکز خرید ولنجک
799,شهرک غرب، بلواردادمان، نرسیده به پل یادگار،پلاک134
800,خیابان وحدت اسلامی ، روبروی پارک شهر ، خیابان اسدی منش ، پلاک۴
801,خیابان انقلاب ، نرسیده به میدان فردوسی ، جنب سینما فردوسی ، خیابان رامسر ، پلاک ۶
802,اریاشهر ، سازمان آب شرقی ، بالای فست فود دو لوپی
803,خیابان دربند، خیابان تاجیک، خیابان گلابدره2 ، پلاک 39
804,سهروردى شمالى،ميدان پاليزى،قندى غربى،نبش كوچه دوم،پلاك ٢١
805,نیاوران،خیابان جماران،جم سنتر،طبقه همکف
806,پونک ، خیابان میرزا بابائی ، نرسیده به چهارراه سردار جنگل
807,خیابان انقلاب ، بین خیابان استاد نجات‌الهی(ویلا) و حافظ، کوچه پورموسی، پلاک۳
808,خيابان فلسطين ، خيابان بزرگمهر ، نبش كوچه حكمت ، پلاك ٤٢
809,سعادت آباد ، ابتداي بلوار دريا ، نرسيده به خيابان صرافها جنوبی ، پلاك ۷۵
810,یوسف آباد، خیابان ۱۹ ، داخل پارک شفق
811,سعادت آباد، چهارراه سرو، سرو غربی، نبش کوچه آریا
812,انقلاب،خيابان قدس،خيابان بزرگمهر،پلاك ١١٠
813,خیابان شریعتی ، پایین تر از حسینه ارشاد ، نبش کوچه کامیار
814,خیابان شریعتی ، نبش پل سیدخندان
815,"بلوار کشاورز ، خیابان وصال شیرازی ، 
نرسیده به ایتالیا ، پلاک ۵۸"
816,تهرانپارس ، بین فلکه سوم و چهارم ، نبش218غربی ، پلاک426
817,خیابان شهران شمالی ، ۵۰۰ متربالاتر از فلکه سوم شهران
818,فلاح، میدان گلچین ، نبش کوچه احسانی ، پلاک ۱۹۵
819,نارمک،خیابان مدائن شمالی، ابتدای خیابان شهید اخلاقی، پلاک۸۰
820,خیابان پاسداران، مابین نگارستان ۲ و۳
821,خیابان ستارخان،قبل از پل یادگار امام،خیابان صحرایی،مرکز خرید پارسیان،طبقه اول نبش راهرو fشمالی
822,بالاتر از میدان ولیعصر، جنب سینما استقلال، داخل پاساژ، طبقه زیرزمین
823,خیابان جردن، خیابان ناهید غربی، پلاک 53
824,جنت آباد مرکزی، بن بست یازدهم
825,خیابان کمیل،بعد از پل نواب،نبش خیابان خرمشهر
826,شهرک غرب،بلوار فرحزادی انتهای سپهر،گلبرگ سوم،مرکز خرید یادگار،طبقه اول،راهروی A شرقی واحد 68
827,خیابان بهشتی، خیابان کاووسی فر، پلاک 33، طبقه 2
828,میدان انقلاب، فروشگاه کتاب سوره مهر
829,شهرک اکباتان، فاز ۱، بلوک A1، سوپر۲،پلاک ۹
830,تهرانپارس ، خیابان فرجام ، مابین خیابان رشید و زرین ، پلاک ۱۶۰
831,جنت آبادجنوبی، بلوار چهارباغ شرقی، نرسیده به میدان آتش نشانی،پلاک 48
832,خیابان انقلاب، خیابان شهدای ژاندارمری، پلاک68
833,فلکه دوم صادقیه،بلوار فردوس شرق،خیابان وفاآذر جنوبی،نبش کوچه نوبری،پلاک 19/2
834,ميدان فاطمي، ميدان گلها، بلوارگلها،پلاك٤٧
835,میدان هفت تیر، پایینتر از مسجد الجواد، بن‌بست هوشیار، پلاک ۳
836,اندرزگو، نبش وطن پور جنوبي، پلاك12/1(مقابل مركز خريد سانا) ، ساختمان”Benelli”
837,خیابان مطهری، خیابان ترکمنستان، نبش بن‌ بست توسکا
838,دریاچه خلیج فارس، بام لند، ورودی بی، کیوسک دوناتو
839,دریاچه چیتگر،مجتمع تجاری تفریحی باملند، بلوک c3 ، طبقه  اول
840,تقاطع خیابانهای لواسانی و‌اندرزگو، برج کوه نور، داخل پاساژ، واحد13
841,میدان ونک، خیابان ونک، پلاک ۴۱
842,تهران، خیابان ویلا، خیابان صارمی شرقی، پلاک ۳۸
843,بلوار فردوس غرب، بین ورزی و پروانه جنوبی، پلاک ۴۴۶، ساختمان کارون، طبقه همکف
844,میرداماد،میدان مادر،خیابان وزیری پور،پلاک49
845,خیابان قرنی، نرسیده به خیابان کریمخان، کوچه امانی، پلاک پنج
846,اقدسیه، بزرگراه ارتش، بلوار اوشان، خیابان شفیعی، خیابان رضوان، پلاک ۱۹
847,میدان هفت تیر ، خیابان مفتح جنوبی ، انتهای خیابان اردلان ، پلاک ۲۴ ، طبقه دوم
848,پونک، بلوار میرزا بابایی، نبش بلوار عدل، ضلع جنوب شرقی چهار راه، پلاک۳۰، جنب مسکن سازان
849,آجودانیه ،خیابان پور ابتهاج ، کوچه پوریا ، مجتمع کاج
850,خیابان امامزاده حسن، روبه روی بانک ملی، پلاک 376
851,بلوار کشاورز، فلسطین جنوبی، نبش کوچه ذاکری
852,خیابان ولیعصر، بالاتراز چهارراه ولیعصر، نرسیده به خیابان طالقانی، پلاک 1519
853,پاسداران، بلوار شهرزاد، خیابان هدایت، پلاک ۸۴(میدان هدایت)
854,خیابان پیروزی،بلوار ابوذر،پل پنجم،مسلم شمالی
855,ميدان هفت تير ، كريم خان ، بين قائم مقام و خردمند، پلاك ١
856,خیابان پاسداران، نبش بوستان پنجم، ساختمان سام
857,میدان هفت تیر،خیابان قائم مقام،خیابان مشاهیر،تقاطع لطفی
858,انتهاى اتوبان همت غرب، اتوبان خرازى به سمت درياچه خليج فارس،خيابان ارغوان، ميدان موج،مركز خريد بام لند،ساختمان وى آى پى ، طبقه سوم
859,یادگار شمال به جنوب، ۱۰۰ متر پایین تر از خیابان فرحزاد
860,اقدسیه، اتوبان ارتش، پاساژ پرنیان ، طبقه 2،پلاک 308
861,شهرک گلستان، 35 متری گلها، نبش یاس دوم
862,بلوار کوهسار، بنفشه ۴،جنب شهرک الهیه
863,‎خیابان ایتالیا،پلاک‌۳۸
864,خيابان جمهوری، قبل از پل حافظ كوچه‌ی گشتاسب، شماره شش
865,نیاوران، خیابان عمار، ساختمان نیاوران
866,جردن، نبش فرزان شرقی، پلاک 79
867,خیابان فلسطین جنوبی، خیابان ژاندارمری، پلاک 1
868,بلوار اندرزگو، خیابان سلیمی شمالی، خیابان نوری
869,شیخ بهایی جنوبی، شهرک والفجر، رو به رو خیابان 9/3، پلاک 1، برج ارغوان
870,تهرانسر، میدان کمال الملک، داخل پارک نرگس
871,خیابان انقلاب، فلسطین جنوبی، جنب بانک تجارت، پلاک ۲۷۷
872,فرمانیه،نرسیده به چهار پاسداران، بام برند سنتر
873,ميدان ونك ، خيابان ملاصدرا ، خيابان شيراز شمالي ، ميدان شيراز شمالي ، ساختمان ايران سكنا ، پلاك 236
874,خیابان شریعتی،روبروی مترو قلهک،ساختمان آ،س،پ قلهک،طبقه همکف
875,سعادت آباد ، خيابان بخشايش ، خیابان هفدهم ، برج عرفان ، طبقه همكف
876,خیابان حافظ ، خیابان نوفل لوشاتو ، کوچه لولاگر، پلاک 2
877,خیابان مفتح جنوبی ، خیابان سمیه ، نبش کوچه مژدهی ،پلاک ۱۲۱/۱
878,خیابان پبروزی ، فلکه دوم نیروهوایی ، پلاک ۱۸
879,خیابان شهرداری،سینما آستارا
880,خیابان عباس آباد(بهشتی) ، ابتدای خیابان وزرا(خالد اسلامبولی)، روبروی سینما ازادی،پلاک 12
881,اتوبان همت غرب ، اتوبان خرازی ، خروجی دریاچه خلیج فارس ، میدان موج ، مجتمع بام لند ، بلوک C  ، طیقه دوم
882,انتهای حقانی پلاک 24
883,بلوار کشاورز - جنب بیمارستان پارس - مجتمع تجاری  سامان
884,بلوار میرداماد، پاساژ رز، طبقه دوم
885,شهرك غرب، بلوار فرحزادي، بالاتر از ميدان كتاب، روبروي آسمان هشتم غربي، خيابان سپيدار، پلاك ١
886,فرمانيه ، خيابان لواساني ، روبروي خيابان اقايي ،جنب موسسه كوثر
887,ولنجک ، میدان دانشگاه ، بلوار دانشگاه ، به سمت توچال بعد از باغ گیلاس
888,بزرگراه خرازی بازار ایران مال ط2
889,سعادت آباد، میدان بهرود، بلوار شقایق، رو به روی پارک ژوراسیک
890,خیابان سمیه ، نرسیده به خیابان حافظ ، خیابان پورموسی ، بن بست شیرین ، پلاک 21
891,زعفرانیه-مجتمع پالادیوم-طبقه همکف
892,فرمانیه، ابتدای دیباجی شمالی
893,خیابان حافظ ، نوفل لوشاتو پلاک ۷۴
894,خیابان جمهوری، خیابان باغ سپهسالار(خیابان صف)، کوچه بخارا،پلاک 2/2
895,زعفرانیه ، مقدس اردبیلی ، مرکز خرید پالادیوم ، طبقه3
896,خیابان نیاوران، بعد از سه راه یاسر به سمت تجریش، بعد از خیابان همایون فر ، پلاک ۳۲۴
897,نیاوران،خیابان باهنر،پایین تر از سخ راه یاسر به سمت تجریش پلاک ۳۱۸
898,اشرفی اصفهانی،خیابان پیامبرشرقی،بعد از حاجی زاده پلاک ۲۳
899,نياوران ، انتهاي خيابان مقدسي ، خيابان عرفاني ، خيابان همايون ، كوچه مريم ، كوچه صادقي ، انتهاي كوچه پلاك ٤٨
900,پیروزی،بلوار ابوذر،پل پنجم،خیابان ده حقی،نبش میدان مالک اشتر،جنب کافه فیروزه،پلاک ۴۲۶
901,خیابان یوسف آباد ، انتهای خیابان جهان آرا ، نبش کوچه اسماعیلی (۵۵)
902,میدان تجریش،خیابان سعدآباد،مجتمع ارگ،طبقه1+
903,خيايان شهيد دكتر بهشتي، خيابان پاكستان، طبقه٤ مجتمع آموزش عالي بهار
904,بلوار فردوس شرق،وفا اذر جنوبي،مجتمع ايريك ، طبقه ٦
905,نیاوران خیابان مژده ، خیابان میری، خیابان عرفانی، پلاک ۱۷
906,میدان ولیعصر، جنب سینما قدس، انتهای کوچه مینو، ساختمان 105، طبقه همکاف، واحد 3
907,خیابان بهشتی،نرسیده به خیابان سهروردی، پلاک ۱۳۰،طبقه دوم
908,خيابان بهار شمالي،خيابان وركش،پلاک17/4
909,میدان تجریش خیابان سعدآباد، روف گاردن مجتمع ارگ تجریش،طبقه4
910,سعادت آباد،خیابان سرو غربی،خیابان بخشایش،کوچه هفدهم،برج عرفان،پلاک۵۴
911,خیابان ایرانشهر، خیابان آذر شهر، پلاک ۲۲ ، طبقه اول
912,مقدس اردبیلی، بین میدان الف و پسیان، پلاک 31
913,فلکه اول تهرانپارس،انتهای مجتمع تجاری پارس، سمت راست، پلاک 12
914,اتوبان شیخ فضل‌الله غرب، بلوار چوبتراش، خیابان شهید علی حسینمردی
915,خيابان انقلاب،ابتداى خيابان دانشگاه،بن بست پورجوادى،پلاک 7
916,شهرک غرب، بلوار دادمان، خیابان بهارستان، روبروی مرکز خرید سپهر
917,تهرانپارس، بین 206 (غلامی) و 208 (ادیب)، پلاک 289
918,تهرانپارس،بلوار پروین.،بین 216 و 218 شرقی،شماره 389
919,ولیعصر، پایین تر از چهارراه ولیعصر، پلاک۱۳۸۷
920,تهران، بزرگراه ستاری، نبش خیابان پیامبر، مجتمع کورش، طبقه 7
921,همت غرب، کاشان جنوب، دریاچه چیتگر، بام لند
922,خیابان ولیعصر، نرسیده به چهارراه پارک‌وی، پلاک ۲۶۷۸
923,تهران، بزرگراه حقانی، باغ کتاب
924,شهرك غرب،خيابان ايران زمين،پاساژ گلستان،حياط شرقى
925,خیابان شهید مدنی،جنب مترو مدنی،تیراژه ۲ طبقه سوم واحد ۳۰۷
926,خیابان کریمخان،خیابان سنایی،کوچه هجدهم،پلاک ۳۸
927,خیابان کریمخان،خیابان عضدی جنوبی ،جنب رستوران نایب، طبقه همکف
928,یوسف آباد، نبش یکم، پلاک ۳ طبقه روی همکف
929,شهرک غرب ، بلواردریا ، نرسیده به چهارراه مسجد ، خیابان رامشه ، کوچه مهرداد ، پلاک 117
930,فلكه دوم صادقيه،ابتداي كاشاني،بوستان يكم،نبش گلستان يكم
931,میدان ونک، ضلع جنوب غربی میدان، پلاک ۱۴
932,پاسداران،روبروی بوستان نهم پلاک288
933,مرزداران، خیابان ابراهيمى، داخل كوچه الوند ١٣، راهروى شمالى برج الوند، شماره ٥
934,جنت آباد شمالی،بالاتر از نیایش،بین بهارستان ۱۳و ۱۵
935,‎پاسداران،بین بهستان ٥ و بهستان۶
936,سعادت اباد-بالاتر از ميدان كاج-روبروى بيمارستان مدرس
937,جردن،بعدازچهارراه اسفندیار،نبش کوجه ایرج،پلاک 117
938,يوسف آباد،خيابان شهيد جهان آرا،نبش كوچه ٤٣
939,خیابان پاسداران، خیابان موحد دانش (اقدسیه)، جنب سفارت چین
940,تجریش، ابتدای خیابان جعفری، مرکز خرید تندیس،طبقه7
941,میدان انقلاب،خیابان کارگر شمالی،پایین تر از نصرت،نبش کوچه جعفرزادگان،پلاک10/78،طبقه2
942,انقلاب،کارگر شمالی،بالاتر از نصرت،پلاک ۱۱۴۶
943,جنت آباد جنوبی، کوچه آذرشب، پلاک ۳۸/۸
944,زعفرانیه،مقدس اردبیلی،بین کیهان و پسیان،پلاک25 طبقه اول
945,شهران، خیابان وسک، بالاتر از کوچه دوم
946,خيابان بهشتي،تقاطع قائم مقام،پلاک 414
947,گيشا، ابتداي خيابان بلوچستان، پلاك ٦
948,خیابان پاسداران، خیابان موحد دانش (اقدسیه)، جنب سفارت چین
949,قیطریه،روبروی پارک قیطریه،خیابان خراسانی،پلاک13/2
950,شریعتی، ابتدای قبا، شماره 4
951,خیابان ولیعصر،روبه روی پارک ملت،نبش کوچه انصاری،برج ملت ، طبقه همکف ، واحد ۲۸
952,گیشا خیابان علیالی غربی پاساژ ستاره نصر طبقه اول پلاک 27
953,آجودانیه،مجتمع تفریحی عرش آجودانیه،طبقه دوم،شماره 159
954,بلوار فردوس شرق،پاساژ آیریک سنتر،طبقه دوم
955,میدان تجریش، تقاطع خیابان دربند و فنا خسرو، پلاک۶۷
956,خیابان طالقانی،روبروی سینما فلسطین،خیابان برادران مظفر شمالی، پلاک 98
957,شهرک غرب، فاز یک، خیابان مهستان، نبش کوچه دوم
958,جنب ایستگاه مترو طرشت- کوچه رییسی- پلاک ۳
959,انتهای اتوبان ارتش شرق، شهرک لاله، بعد از میوه و تره بار
960,خیابان خرمشهر  ، خیابان عشقیار شماره ۴۶
961,پاسداران، گلستان یکم، نبش پایدار فرد
962,خیابان پیروزی ایستگاه صد دستگاه پلاک ۴۸۰
963,شریعتی،نرسیده یخچال،فود کورت قلهک،غرفه13
964,پاسداران ، خيابان بوستان پنجم ، تقاطع پايدار فرد پلاك
965,گلبرگ شرقی،خیابان مصطفوی،پلاک۳۰
966,خ پیروزی ، صد دستگاه ، پ 466
967,اتوبان حقانی، پارک آب و آتش، مجموعه راه چوبی
968,میدان تجریش،خیابان سعدآباد،مجتمع ارگ،فودکورت ارگ
969,خيابان شهيد بهشتى(عباس آباد) ، بعد از تقاطع سهروردى ، ابتداى خيابان كاووسى فر
970,بزرگراه همت غرب ، دریاچه چیتگر ، میدان موج ، مجتمع بام لند ، بلوک C3 طبقه ی دوم
971,خیابان میرازی شیرازی،نبش کوچه یازدهم،خانه موسیقی بتهوون،پلاک ۶۹،طبقه بالا
972,خیابان فیاضی (فرشته ) ، مرکز خرید سام سنتر ، طبقه اول
973,بزرگراه همت غرب ، دریاچه چیتگر ، مجتمع بام لند ، بلوک A
974,خیابان امام خمینی،خیابان شیخ هادی،کوچه مظفری خواه
975,ويونا مجتمع تجاري ارگ
976,انتهای اتوبان همت،اتوبان شهید خرازی به سمت دریاچه چیتگر،میدان موج،ورودی مرکز بام لند A
977,همت غرب ،دریاچه چیتگر،باملند،بلوک L4
978,همت غرب،دریاچه چیتگر،باملند،بلوک B،طبقه دوم
979,میدان گلها،ابتدای گمنام،پلاک ۵۹
980,خیابان انقلاب، نبش خیابان نامجو (گرگان)، مجتمع فرهنگی امام رضا(ع)، پلکان جنوبی
981,قیطریه،خیابان کریمی(بوعلی)،پلاک ۶۰
982,انتهای بلوار سعادت آباد، بسمت کوی فراز، نبش چهارراه بهزاد، مجتمع تندیس
983,سعادت آباد،خیابان سرو غربی،خیابان ریاضی بخشایش،کوچه هفدهم پنت هاوس برج عرفان طبقه ۹
984,خیابان مطهری، خیابان فجر، کوچه مهداد، پلاک ۱۱
985,خیابان کارگر شمالی، نبش نصرت، پلاک ۱۵۲۵
986,میدان هروی،خیابان موسوی شرقی،به سمت شمس آباد،جنب بانک رفاه،طبقه اول
987,بالاترازمیدان هفت حوض،کوچه مهرانپور،پاساژ بهمن طبقه اول
988,تجریش،پاساژ قائم،طبقه هنرمندان
989,شیراز جنوبی، رو به روی بوستان اسدآبادی، پلاک 2
990,ﺑﺰرﮔﺮاه ﺷﻬﯿﺪ ﻫﻤﺖ، ﺧﺮوﺟﯽ ﺑﻠﻮار ﮐﺎﺷﺎن، میدان موج، خیابان موج بلوار صدف، مرکز تجاری تفریحی بام لند
991,دریاچه چیتگر، بام لند،بلوک vip
992,مجموعه تجاری باملند بلوک آ
993,زعفرانیه،مقدس اردبیلی،نرسیده به میدان الف،مرکز خرید پالادیوم،طبقه ۳
994,میدان المپیک،انتهای خیابان هوانیرو،میدان صدف،انتهای خیابان صدف،پلاک3
995,اتوبان حقانی، بعد از کتابخانه ملی جنب روگذر شهید همت غرب هتل بزرگ ارم
996,مرزداران،بين سپهر وآريا فر،ساختمان ديپلمات
997,خیابان سهروردی شمالی، مابین عباس آباد و هویزه پلاک 553
998,یادگار جنوب، قبل از خروجی فرحزاد، ایثارگران شمالی، خیابان امامزاده، البرز 6، پلاک 13
999,دارآباد،خیابان پور ابتهاج شرقی،انتهای کوچه نارنج
1000,مجيديه شمالي،خيابان استادحسن بنا،خيابان جعفري پلاك ٦٦
1001,بلوار سعادت آباد، تقاطع بلوار دریا مجتمع تجاری اداری رویال
1002,تهرانپارس، فلکه اول، ضلع شمال شرقی، پلاک 39
1003,خیابان باهنر روبه روی خیابان منایی
1004,سهروردی شمالی، میدان قندی، پالیزی، پلاک ۷۲۷
1005,خیابان ستارخان نرسیده به خیابان باقرخان نبش کوچه شادی پلاک 105
1006,میدان انقلاب،خیابان انقلاب،خیابان قدس،نبش خیابان بزرگمهر،حیاط شهرکتاب دانشگاه
1007,خیابان ایرانشهر، پارک هنرمندان، ضلع شرقی خانه هنرمندان ایران، تماشاخانه ایرانشهر، طبقه دوم
1008,بلوار کشاورز، خیابان وصال، کوچه شاهد، پلاک 6
1009,شهرک غرب،خیابان مهستان،خیابان ایران زمین، مرکز تجاری مهستان،داخل پاساژ طبقه همکف
1010,فرمانيه، روبروى بيمارستان فرمانيه، مركز خريد بام برند سنتر، طبقه دوم
1011,میدان محسنی،خیابان شاه نظری، کوچه دوم، پاركينگ مجتمع راز
1012,خیابان شریعتی ، نرسیده به پل سید خندان ، کوچه مهاجر
1013,خیابان نجات الهی، خیابان محمدی، بن بست گل یاس
1014,بلوار کشاورز، خیابان وصال شیرازی، روبروی بیمارستان آریا، نبش کوچه شاهد، پ ۷۰۷۰
1015,خيابان سهروردي،خيابان خرمشهر،خيابان قنبرزاده،كوچه ١٦ام
1016,شعبه ولی‌عصر:خ ولی‌عصر بالاتر از چهار‌راه زرتشت،نبش ک جاوید پ۱۸۵۷
1017,الهیه،خیابان آقابزرگی،خیابان صحرا،خیابان پارسا،برج افرا
1018,پل پارک وی،ابتدای کوچه نوری
1019,سعادت آباد ، میدان کاج ، ابتدای خیابان نهم
1020,خیابان دزاشیب، خیابان علیرضا افشار، پلاک ۱۰
1021,شهر ری . سه راه ورامین . نرسیده به میدان معلم . پاساژ الماس ری . ط اول واحد 102
1022,اشرفی اصفهانی جنوب به شمال، نرسیده به پل همت، خیابان قموشی، پلاک 57
1023,زعفرانیه،خیابان مقدس اردبیلی،مرکز خرید پالادیوم،طبقهGB
1024,ولنجک، انتهای خیابان سیزدهم شرقی ، پلاک 5 ، طبقه اول ، واحد 109
1025,ابتدای رسالت شرق،نرسیده به خیابان دبستان (کابلی) ،کوچه باقری ، پلاک 1 ، طبقه اول
1026,بالاتر از چهار راه پاسداران،نبش بهستان 4 چهارم
1027,خیابان رودکی ، بالاتر از تقاطع امام خمینی، پلاک ۲۸۸
1028,میرداماد، میدان محسنی، خیابان شاه نظری، کوچه دوم، پاركينگ راز
1029,خیابان سمیه، بعد از سپهبد قرنی ، نرسیده به نجات اللهی ، داخل کوچه افشار ، جنب تالار شب طلایی پلاک ۲
1030,سعادت آباد، میدان بهرود، خیابان قمصری، ابتدای ورودی غربی پارک پرواز
1031,بلوار مرزداران، نبش خیابان البرز، شماره ۷۱۰
1032,ایرانشهرشمالی،نبش کلانتری
1033,سعادت آباد، چهار راه سرو،بلوار پيام،انتهاي كوچه شهروند پلاك ٢٠
1034,سعادت آباد، ابتدای بلوار دریا،نرسیده به صرافها جنوبی،پلاک75
1035,اقدسيه،نبش فيروز بخش،مركز خريد اواسنتر
1036,یوسف آباد، نبش شصت و سوم
1037,شهرک غرب،بلواردادمان،بلوار درختی،خیابان سپهرشرقی،پلاک69
1038,آجودانیه،نرسیده با کاشانک،فودکورت عرش آجودانیه
1039,بزرگراه حکیم غرب، بعد از چهارراه تعاون، کوچه قائم، پلاک ۶
1040,شهرك غرب،ميدان صنعت،بلوار فرحزادي، پاساژ ليدوما
1041,خيابان شريعتي،خيابان دولت،نبش خيابان نعمتي(كيكاوس)،باغ خانه شاعران ايران
1042,اتوبان حقانی خیابان شهیدی پارک آب و آتش انتهای پل طبیعت
1043,فرشته ، مریم شرقی، خیابان امین ، ساختمان SMP،طبقه اول
1044,خیابان کریمخان،خیابان سنایی، کوچه اعرابی ۵،پلاک 3
1045,بلوار مرزداران، بلوار آریافر، روبروی پمپ بنزین، پلاک ۱۷،
1046,بام تهران توچال
1047,بلوار اندرزگو،روبروی سه راه قیطریه، نبش شریفی‌منش
1048,ستارخان،نبش کوثر دوم،روبروی بانک صادرات پلاک52
1049,ابتداي گلبرگ غربي،خيابان حيدري،پلاك ٩٦
1050,اشرفی اصفهانی،خیابان مخبری، نرسیده به چهارراه سردارجنگل،پلاک 79
1051,کریمخان،ویلای ‌جنوبی،کوچه ‌ارشد،شماره ۷
1052,تهران پارس، خیابان بهار، نبش علی پور
1053,ميرداماد ، ميدان مادر ، خيابان وزيرى پور، پلاك ١٩/١
1054,خیابان ولیعصر،ابتدای  بزرگراه نیایش،درب غربي مجموعه ورزشي انقلاب ، خانه گلف
1055,شهرک اکباتان، فاز یک ،سوپر دوم، شماره یک
1056,میدان هروی ، خیابان موسوی ، نبش نازک ، مرکز خرید هروی سنتر ، طبقه یکم
1057,اندرزگو، بین خیابان علوی و کوچه زمانی ، مرکز خرید سانا طبقه دوم
1058,خیابان فرشته، نیلوفر، مجتمع رویال آدرس طبقه2
1059,خیابان پاسداران، خیابان نگارستان هشتم، نبش چهارراه اول پلاک ۲۶
1060,حکیمیه،بلوار بهار،بلوار بابايان،تقاطع بلوار افق،نبش بوستان ساحل
1061,خیابان کریمخان، خیابان سنایی، کوچه سوم، پلاک ۴
1062,"ميدان بهارستان، خيابان دانشسرا ،خيابان شريعتمدار رفيع ،"" باغ نگارستان """
1063,سعادت آباد ، بلوار دریا ، مطهری شمالی ، خیابان عباسی اناری شرقی ، نبش کوچه آقایی پور،پلاک 10
1064,یوسف اباد،جهان ارا،انتهایی خیابان 51،سمت راست(خیابان شصتم غربی)
1065,خیابان انقلاب روبروی لاله زار شمالی جنب سینما پیام کوچه شکوه پلاک5
1066,خیابان خالد اسلامبولی (وزراء)،بعد از بیمارستان گاندی،پلاک 124
1067,سعادت آباد، بلوار سرو شرقي، خیابان مجد، کوچه نسترن، پلاک41
1068,بلوار میرداماد ، خیابان شمس تبریزی جنوبی ،  کوچه مریم ، پلاک ۲
1069,خیابان بهشتی ، خیابان کاووسی فر ،  پلاک 43
1070,خیابان فرشته نرسیده به چناران پلاک9
1071,خیابان انقلاب، خیابان فلسطین جنوبی، کوچه پشن، پلاک 32
1072,‎زعفرانيه ، مركز خريد پالاديوم ، طبقه دوم
1073,ميدان تجريش، مركز خريدارگ، طبقه ٤، کافه‌ رستوران Level4
1074,خیابان شریعتی، نرسیده به پل صدر، پلاک ۱۶۷۱
1075,فرشته انتهای خیابان آقابزرگی خیابان اکبری کوچه نیلوفر موزه موسیقی
1076,خیابان استاد مطهری، خیابان فجر (جم سابق)،پلاک 40
1077,خیابان مطهری، خیابان فجر، شماره 44
1078,خیابان ولیعصر، بالاتر از میدان ونک،نبش کوچه صیرفی پلاک2469
1079,شهرک غرب،بلوار فرحزادی،نبش سینمای ایران
1080,اشرفی اصفهانی،بالاتر از میدان پونک،نبش کوچه سیزدهم
1081,بلوار فردوس ،نرسیده به اتوبان ستاری ،بلوار ورزی جنوبی، پلاک 20
1082,خيابان شريعتي ، خيابان دولت، نبش نعمتي(كيكاووس) ، باغ خانه شاعران ايران
1083,میدان انقلاب، ضلع شمال شرقی، پلاک ۱۱۱۹
1084,جردن ، کوچه مهیار، نبش بن بست زاور، پلاک5
1085,خيابان حافظ نرسيده به ميدان حسن آباد هتل گلستان كافه گلستان
1086,میدان آرژانتین ، بلوار بیهقی ، روبروی پارکینگ شهروند
1087,خيابان طالقاني، ضلع غربي ميدان فلسطين، جنب خيابان فريمان، پلاك ٥٤٨
1088,خیابان شریعتی ، بالاتر از پل صدر ، مقابل سهیل (میرزاپور) ، بین بانک سپه و شهر کوچه باران ، پایین پله ، پلاک ۲
1089,خیابان انقلاب ، زیر پل کالج نرسیده به خیابان البرز  ٢ ، پلاک 737
1090,خیابان کریمخان، خیابان شهید حسینی، پلاک ۱۱
1091,خیابان یوسف آباد ، نبش خیابان ۶۲ ، پلاک ۴۵۰
1092,شهران جنوبی ، کوچه پنجم شرقی(کوچه فرهنگسرای معرفت)، شماره 33
1093,تهرانپارس، بین فلکه دوم و سوم، پلاک ۲۶۰
1094,تقاطع بزرگراه شهید چمران و خیابان ولیعصر (عج). هتل بین المللی پارسیان استقلال
1095,فرمانیه،دیباجی شمالی،پلاک ۱۱،۱۳
1096,خیابان کریمخان،خیابان ایرانشهر،خیابان آذرشهر،پلاک28
1097,انقلاب، خیابان دانشگاه، پاساژ دانشگاه، طبقه زیر همکف
1098,خیابان ولیعصر ، نرسیده به توانیر ، نبش کوچه بخشندگار ساختمان مدیکو
1099,سهروردى شمالى خيابان توپچى ويواكافه شماره 13
1100,مترونواب پنت هاووس برج گردون کافه بام ساختمان جنوبی ط 9 واحد 902
1101,خیابان قائم مقام، خیابان جم، پلاک ۴
1102,سهروردی شمالی، خرمشهر(آپادانا) ، عشقیار(نیلوفر) ، پلاک 65
1103,خيابان وليعصر ، روبروي پارك ملت ، بلوار ناهيد غربي، پلاک 103/1
1104,گیشا، کوی نصر، بین خیابان 13و15، مرکزخرید فرتاک طبقه زیر همکف
1105,همت غرب، سردار جنگل، كوچه حيدرى مقدم شرقى، برج جام جم همت، واحد٣٣
1106,خیابان پیروزی ، روبروی پرستار ، پلاک 225
1107,خیابان شریعتی ، دوراهی قلهک ، خیابان بصیری پلاک 6(ساختمان سام ) طبقه 5
1108,خیابان سئول، پایین تر از چهارراه یاسمی، پلاک 60
1109,زعفرانیه، بین مردانی و ماکویی پور، پلاک ۳۲، طبقه دوم
1110,شهرک غرب ، بلوار فرحزادی ، پایین تر از بلوار دریا ، نبش بوستان دوم شرقی
1111,اتوبان حکیم غرب،خروجی شیخ بهایی،بلوار۶۴ متری،ساختمانهای آ.اس.پ،جنب ورودی بلوکB
1112,شیخ بهایی ،  برجهای آ.اس.پ ، طبقه همکف تجاری پلاک22
1113,بلوار مرزداران، نرسیده به اشرفی اصفهانی ، نبش خیابان ابوالفضل، پلاک ۲۰۷
1114,پونک، خیابان میرزا بابایی، رو به روی پارکینگ شهروند، پلاک ۳۲
1115,خیابان بهشتی ، خیابان وزرا ، نبش یکم ، پاساژ ستاره ، طبقه اول ، واحد 26
1116,ميدان فاطمی، مرکز خرید پرنيان، طبقه اول، واحد ۴۴
1117,خیابان آیت، بالاتر از چهارراه تلفن خانه، به سمت میدان هفت حوض، پلاک ۲۳۵
1118,خيابان انقلاب ( شرق به غرب) ، نرسيده به ميدان فردوسى، خيابان موسوى، نبش كوچه اعتماد مقدم پلاك ٣٢
1119,خیابان  فردوسی خیابان سرهنگ سخایی پلاک3
1120,سهروردی شمالی، چهار راه هویزه، نبش کوچه نیکو قدم، پلاک 476، نبش رستوران البرز
1121,میدان آرژانتین ، طبقه دوم مرکز خرید آفریقا
1122,خیابان انقلاب، بین خیابان نجات الهی(ویلا) و میدان فردوسی، نبش کوچه براتی، پلاک814
1123,سعادت آباد، بلوار دریا ، انتهای کوچه رامشه ، بین توحید 1 و مهرداد ، پلاک 68/1
1124,خیابان ولیعصر، بالاتر از پارک ساعی، نبش کوچه گل
1125,قيطريه، روبروي تقاطع كاوه، خ احمدي، كافه سينما خانه موزه استاد عزت الله انتظامي
1126,خیابان ولیعصر ، بالاتر از زعفرانیه ، باغ فردوس، موزه سینمای ایران
1127,خیابان انقلاب، بعد از 4 راه ولی عصر، خیابان خارک، کوچه شهرود، پلاک 9
1128,خیابان ولیعصر – بالاتر از زعفرانیه – باغ فردوس – موزه سینمای ایران
1129,خیابان دماوند نرسیده به ترمینال شرق،جنب ایستگاه داریوش،خیابان حیدری
1130,خیابان ایرانشهر، خیابان کلانتری، پلاک 48
1131,خیابان امام خمینی ، بعد از شیخ هادی ، موزه مقدم
1132,چهارراه ولیعصر، ضلع شمال شرقی، نبش بانک شهر،بن بست کیانپور
1133,میدان نوبنیاد، ضلع جنوب غربی، نبش پاساژ غزال
1134,بلوار کشاورز، خیابان فلسطین، کوچه حجت‌دوست، پلاک ۳
1135,میدان تجریش ، بازار قائم، طبقه پنجم
1136,خیابان دزاشیب٬ خیابان کریمی٬ خیابان سلیمی شمالی، پلاک ۱۴۵
1137,میدان فاطمی (ضلع شمال غربی) ، جنب پاساژ لئون ،  پلاک 18
1138,خیابان ولیعصر ابتدای یوسف آباد بین چهارم وششم
1139,خیابان مطهری، خیابان فجر، خیابان لطفی، پلاک 126
1140,تجریش - خیابان ولیعصر - روبروی باغ فردوس - جنب بانک سامان
1141,پاسداران، روبروی بوستان ششم، هتل برج سفید
1142,سعادت آباد،ميدان بهرود،كوچه٣٣،روبروي هتل اسپيناس
1143,بلوارکشاورز، خیابان جمالزاده شمالی، نبش کوچه قاجار، پلاک ۵۲۲
1144,بزرگراه ستاری شمال، مجتمع تجاری فرهنگی کوروش، طبقه اول
1145,ضلع جنوب غربی میدان انقلاب، جنب بانک پارسیان، ساختمان اسفند، طبقه اول
1146,خیابان ولیعصر روبروی تئاتر شهر جنب كوچه پشن پاساژ صدف واحد 16
1147,خیابان ولیعصر ، نبش خیابان میرداماد ، مجتمع تجاری اسکان ، طبقه زیر همکف
1148,میدان شیخ بهایی، برج آفتاب
1149,اشرفی اصفهانی، مجتمع تجاری تیراژه طبقه زیر همکف
1150,خیابان جمهوری ،بعد ازسعدی خیابان صف، مجتمع تجاری باغ سپهسالار طبقه 1-
1151,خیابان شهید مفتح، نبش تقاطع سمیه، جنب هتل مارلیک، پلاک ۶۵
1152,خیابان شهید مدنی، جنب مترو شهید مدنی، مرکز خرید تیراژه ۲، طبقه چهارم، واحد ۴۲۸
1153,میدان هروی، بلوارگلزار، خیابان شهیدخاک، پلاک 5
1154,خیابان مطهری، خیابان سهروردی جنوبی، خیابان اورامان، پلاک ۱۳
1155,خیابان نوفل لوشاتو بن بست لولاگر شماره ۵
1156,خیابان کریمخان آبان جنوبی پایین تراز ورشو کوچه کیوان پلاک8
1157,تهران، سهروردی شمالی، آپادانا، خیابان نیلوفر، پلاک 126
1158,خیابان ونک،نبش کاروتجارت مرکز خرید ونک
1159,شهرک غرب بلوار فرحزادی خیابان عباسی اناری (ارغوان) پاساژ آریا
1160,فاز ۱ اكباتان ، بلوار نفيسي ، پلاک۷۹ ، طبقه اول ، واحد۲
1161,خیابان فلسطین، بالاتر از خیابان انقلاب، نبش خیابان نایبی
1162,خیابان شریعتی، نرسیده به دوراهی دولت، بالاتر از تقاطع یخچال، خانه درسا، طبقه سوم
1163,بزرگراه شهید حقانی، خیابان شهیدی، انتهای کوچه کمان، پارک آب و آتش
1164,خیابان اندرزگو، نبش بلوچ شمالی، پایین ساختمان علی بابا
1165,شهرک غرب،فاز ۱ ،خیابان ایران زمین،مرکز تجاری گلستان،طبقه همکف شماره115
1166,پاسداران، بالاتر از نوبنیاد، روبروی نارنجستان یکم
1167,خیابان کریمخان، خیابان ایرانشهر، پایینتر از پارک هنرمندان، کوچه دهقانی، پلاک 4
1168,سهروردی شمالی، بعد از مطهری، کوچه باغ
1169,خیابان آزادی، خیابان استاد معین، مجموعه معین مال، طبقه دوم، واحد 213
1170,پاسداران، بوستان دوم، پلاک 4
1171,کریم‌خان، ابتدای ایرانشهر، پلاک ۲۳۹
1172,فلکه دوم صادقیه، برج گلدیس، طبقه اول، واحد 58
1173,
1174,یوسف آباد، نبش خیابان 63، پلاک 2/483
1175,میدان انقلاب،ابتدای کارگر شمالی،پلاک 1012
1176,خیابان میرداماد، پاساژ رز، جنب مترو، طبقه همکف
1177,میدان تجریش، ابتدای خیابان ملکی (سعد آباد)، پلاک 6
1178,شریعتی، روبه روی مترو قلهک، ساختمان آ س پ، طبقه همکف
1179,تقاطع خیابان خدامی و آفتاب، ضلع جنوب شرقی، جنب پارک، ساختمان مادیران
1180,میدان ونک، خیابان خدامی، خیابان آفتاب، پلاک 15
1181,میدان ولیعصر، جنب سینما قدس، انتهای کوچه مینو، ساختمان 105، طبقه همکاف، واحد 3
1182,خيابان پاسداران.خيابان بوستان دوم.نبش فرخي يزدي.پلاك 28.طبقه اول
1183,میدان آرژانتین-خیابان الوند-کوچه اسفراین-نبش اهورامزدا-هتل اسکان الوند
1184,اقدسیه ،اتوبان ارتش ، بلوار سوهانک، ورودی شرقی برج های تجاری مسکونی آتیساز 2 ، برج مریم ، واحد 7 تجاری
1185,خیابان میرداماد-نرسیده به میدان مادر-جنب بانک صادرات-پلاک 102-نیم طبقه اول
1186,بلوار کشاورز ، خیابان ۱۶ آذر ، روبروی در ورودی دانشگاه تهران،  پلاک ۵۲
1187,دارآباد،انتهای خیابان محبی، پلاک 30
1188,خیابان فرشته.مرکز خرید سام سنتر، طبقه دوم
1189,خیابان جمهوری ، بین سی تیر و چهارراه استامبول ، پلاک 524 و 520
1190,فرمانیه.بلواراندرزگو.طبقه فوقانی شیرینی نیشکر، پلاک 66
1191,میدان ونک، گاندی شمالی، کوچه برادران شریفی، پلاک 57
1192,خیابان کریم‌خان زند، بین ایرانشهر و ماهشهر، شماره‌ ۱۳۴، طبقه‌ اول
1193,خیابان نجات الهی (خیابان ویلا)،خیابان ورشو،پلاک 11،زنگ یک
1194,اتوبان ستاري شمال،بالاتر از حكيم،پاساژ كوروش،طبقه ٥
1195,ابتدای پاسداران، بعد از پل همت ، جنب دشستان سوم
1196,خيابان كريم خان خردمند شمالي بعد از بانك تجارت پلاك ٨٩
1197,نارمک، چهارراه تلفن خانه، ۴۶متری نارمک، خیابان دین محمدی، پلاک ۳۲
1198,خیابان مفتح.نرسیده به انقلاب
1199,تهرانپارس ، بین فلکه دوم وتیرانداز ، نبش 162غربی  ، پلاک 134
1200,بالای برج میلاد
1201,خیابان ولیعصر، خیابان زعفرانیه، خیابان مقدس اردبیلی، نرسیده به پسیان، پلاک 27
1202,چهارراه ولیعصر خیابان برادران مظفری شمالی جنب بازار رضا پلاک77
1203,بزرگراه کردستان، مجتمع ASP، واحد ۱۹
1204,خیابان بهشتی، خیابان سرافراز، برج دریای نور
1205,شهرک غرب، بلوار دادمان، پلاک 36
1206,گاندی جنوبی، بین خیابان پانزدهم و هفدهم، پلاک 53
1207,تهران، خیابان ولیعصر، بالاتر از پارک ساعی، مرکز خرید صدف، طبقه همکف واحد 19
1208,نارمک، خیابان جانبازان شرقی، کوچه مصطفوی، پلاک27
1209,خ انقلاب، بین چهارراه وصال و اسکو، پلاک 979 جنب سینما سپیده
1210,خیابان مطهری،بعد از مفتح،خیابان مهرداد،پلاک 12
1211,پاسداران ، خیابان اخوان (بوستان دوم) ، خیابان گیلان شرقی ، بعد از شهید عراقی ، خیابان پایدارفرد ، پلاک 49
1212,الهیه، خیابان فرشته، خیابان بیدار، روبروی خیابان مریم غربی، پلاک2/2
1213,خیابان فرشته، نبش کوچه شبدیز، پاساژ فرشته
1214,میدان ونک، خیابان خدامی، خیابان آفتاب، روبروی برج آفتاب، پلاک 11
1215,فرمانیه،بلوار اندرزگو،نبش کوچه حسینی
1216,بلوار 35 متری قیطریه پلاک 93 جنب کوچه بشتاب
1217,هفت تیر- مفتح شمالی روبروی پمپ بنزین پلاک 306
1218,نیاوران بعد از تقاطع کامرانیه مرکز خرید نارون پلاک 7
1219,میدان محسنی خیابان بهروز برج بیژن طبقه اول
1220,خیابان ولیعصر بالاتر از زرتشت  نبش کوچه کامران مجتمع تجاری کامران طبقه روی همکف پلاک20
1221,خدامی برج آفتاب طبقه زیرین کافه الیزا
1222,خیابان کریمخان، خیابان خردمند جنوبی، پلاک ۵۴
1223,خیابان ملاصدرا، شیخ بهایی شمالی، برج صبا
1224,خیابان وليعصر ، رو به روي پارك ملت ،  نبش خیابان انصاري ، برج ملت ، طبقه اول ، واحد 72
1225,خیابان شهرآرا، روبروی گذرنامه ،  پاساژ نسترن ، طبقه دوم ، واحد 13
1226,تجریش ، سه راه نیاوران، خیابان شهید کبیری ،  بعد از آتش نشانی پلاک 80
1227,میدان آرژانتین اول خیابان احمد قیصر- پلاک 58
1228,پاسداران انتهای بوستان دوم شهید اخوان خیابان ساقدوش جنب تالار ساقدوش
1229,ميدان ونك ، ابتداى خیابان ونك، پاساژ ونك ، شماره ١١
1230,میدان تجریش خیابان جلالوند پ 6
1231,درکه، میدان درکه
1232,ولیعصر، بالاتر از اتوبان نیایش ،ک انصاری،برج ملت،ط همکف
1233,ميدان هفت تير ، خيابان قائم مقام فراهاني ، بعد از سه راه مشاهير ، پلاک ۴۶
1234,اشرفی اصفهانی- مجتمع تیراژه - طبقه همکف
1235,گیشا، نرسیده به کوچه دوم جنب موسسه زبان پارسایان
1236,خیابان شریعتی بالاتر از ظفر، جنب بیمارستان ایران مهر
1237,خیابان ولیعصر، بالاتر از چهارراه ولیعصر سمت راست، شماره 1435
1238,میرداماد، متروی میرداماد، رز میرداماد، طبقه دوم
